Workbook

Sheet Gesamtübersicht
A1: Team | B1: Startelf-Altersdurchschnitt Saison
A2: Liefering | B2: =Liefering!N1 -> 19.561129
A3: Altach | B3: ='Altach Juniors'!N1 -> 19.690909
A4: Rapid | B4: =Rapid!N1 -> 19.708464
A5: JWR | B5: =JWR!N1 -> 19.83165
A6: LASK | B6: =LASK!N1 -> 20.144781
A7: Sturm | B7: =Sturm!N1 -> 20.806061
A8: WAC | B8: =WAC!N1 -> 20.98951
A9: Young Violets | B9: ='Young Violets'!N1 -> 21.169279

Sheet Alter pro Spieltag
B1: 1. Spieltag | C1: 2. Spieltag | D1: 3. Spieltag | E1: 4. Spieltag | F1: 5. Spieltag | G1: 6. Spieltag | H1: 7. Spieltag | I1: 8. Spieltag | J1: 9. Spieltag | K1: 10. Spieltag | L1: 11. Spieltag | M1: 12. Spieltag | N1: 13. Spieltag | O1: 14. Spieltag | P1: 15. Spieltag | Q1: 16. Spieltag | R1: 17. Spieltag | S1: 18. Spieltag | T1: 19. Spieltag | U1: 20. Spieltag | V1: 21. Spieltag | W1: 22. Spieltag | X1: 23. Spieltag | Y1: 24. Spieltag | Z1: 25. Spieltag | AA1: 26. Spieltag | AB1: 27. Spieltag | AC1: 28. Spieltag | AD1: 29. Spieltag | AE1: 30. Spieltag
A2: JWR | B2: {=INDIRECT("JWR!N" & (COLUMN()-1)*3)} -> 19.727273 | C2: {=INDIRECT("JWR!N" & (COLUMN()-1)*3)} -> 18.727273 | D2: {=INDIRECT("JWR!N" & (COLUMN()-1)*3)} -> 21.272727 | E2: {=INDIRECT("JWR!N" & (COLUMN()-1)*3)} -> 20 | F2: {=INDIRECT("JWR!N" & (COLUMN()-1)*3)} -> 20.909091 | G2: {=INDIRECT("JWR!N" & (COLUMN()-1)*3)} -> 19.090909 | H2: {=INDIRECT("JWR!N" & (COLUMN()-1)*3)} -> 18.727273 | I2: {=INDIRECT("JWR!N" & (COLUMN()-1)*3)} -> 19.727273 | ... AE2: {=INDIRECT("JWR!N" & (COLUMN()-1)*3)} -> 0
A3: LASK | B3: {=INDIRECT("LASK!N" & (COLUMN()-1)*3)} -> 20.545455 | C3: {=INDIRECT("LASK!N" & (COLUMN()-1)*3)} -> 20.818182 | D3: {=INDIRECT("LASK!N" & (COLUMN()-1)*3)} -> 20.545455 | E3: {=INDIRECT("LASK!N" & (COLUMN()-1)*3)} -> 20.090909 | F3: {=INDIRECT("LASK!N" & (COLUMN()-1)*3)} -> 20.363636 | G3: {=INDIRECT("LASK!N" & (COLUMN()-1)*3)} -> 20.454545 | H3: {=INDIRECT("LASK!N" & (COLUMN()-1)*3)} -> 20.545455 | I3: {=INDIRECT("LASK!N" & (COLUMN()-1)*3)} -> 20.545455 | ... AE3: {=INDIRECT("LASK!N" & (COLUMN()-1)*3)} -> 0
A4: Altach Juniors | B4: {=INDIRECT("'Altach Juniors'!N" & (COLUMN()-1)*3)} -> 19.181818 | C4: {=INDIRECT("'Altach Juniors'!N" & (COLUMN()-1)*3)} -> 19.727273 | D4: {=INDIRECT("'Altach Juniors'!N" & (COLUMN()-1)*3)} -> 19.363636 | E4: {=INDIRECT("'Altach Juniors'!N" & (COLUMN()-1)*3)} -> 19.727273 | F4: {=INDIRECT("'Altach Juniors'!N" & (COLUMN()-1)*3)} -> 19.818182 | G4: {=INDIRECT("'Altach Juniors'!N" & (COLUMN()-1)*3)} -> 19.545455 | H4: {=INDIRECT("'Altach Juniors'!N" & (COLUMN()-1)*3)} -> 20.454545 | I4: {=INDIRECT("'Altach Juniors'!N" & (COLUMN()-1)*3)} -> 19.545455 | ... AE4: {=INDIRECT("'Altach Juniors'!N" & (COLUMN()-1)*3)} -> 0
A5: Young Violets | B5: {=INDIRECT("'Young Violets'!N" & (COLUMN()-1)*3)} -> 20.818182 | C5: {=INDIRECT("'Young Violets'!N" & (COLUMN()-1)*3)} -> 20.909091 | D5: {=INDIRECT("'Young Violets'!N" & (COLUMN()-1)*3)} -> 21.090909 | E5: {=INDIRECT("'Young Violets'!N" & (COLUMN()-1)*3)} -> 21.181818 | F5: {=INDIRECT("'Young Violets'!N" & (COLUMN()-1)*3)} -> 21.363636 | G5: {=INDIRECT("'Young Violets'!N" & (COLUMN()-1)*3)} -> 21.272727 | H5: {=INDIRECT("'Young Violets'!N" & (COLUMN()-1)*3)} -> 21.363636 | I5: {=INDIRECT("'Young Violets'!N" & (COLUMN()-1)*3)} -> 20.909091 | ... AE5: {=INDIRECT("'Young Violets'!N" & (COLUMN()-1)*3)} -> 0
A6: WAC | B6: {=INDIRECT("WAC!N" & (COLUMN()-1)*3)} -> 21.272727 | C6: {=INDIRECT("WAC!N" & (COLUMN()-1)*3)} -> 21.545455 | D6: {=INDIRECT("WAC!N" & (COLUMN()-1)*3)} -> 21.272727 | E6: {=INDIRECT("WAC!N" & (COLUMN()-1)*3)} -> 21.181818 | F6: {=INDIRECT("WAC!N" & (COLUMN()-1)*3)} -> 21 | G6: {=INDIRECT("WAC!N" & (COLUMN()-1)*3)} -> 20.363636 | H6: {=INDIRECT("WAC!N" & (COLUMN()-1)*3)} -> 20.454545 | I6: {=INDIRECT("WAC!N" & (COLUMN()-1)*3)} -> 20.727273 | ... AE6: {=INDIRECT("WAC!N" & (COLUMN()-1)*3)} -> 0
A7: Rapid | B7: {=INDIRECT("Rapid!N" & (COLUMN()-1)*3)} -> 20 | C7: {=INDIRECT("Rapid!N" & (COLUMN()-1)*3)} -> 20.454545 | D7: {=INDIRECT("Rapid!N" & (COLUMN()-1)*3)} -> 20.454545 | E7: {=INDIRECT("Rapid!N" & (COLUMN()-1)*3)} -> 20.272727 | F7: {=INDIRECT("Rapid!N" & (COLUMN()-1)*3)} -> 20.272727 | G7: {=INDIRECT("Rapid!N" & (COLUMN()-1)*3)} -> 20.363636 | H7: {=INDIRECT("Rapid!N" & (COLUMN()-1)*3)} -> 19.909091 | I7: {=INDIRECT("Rapid!N" & (COLUMN()-1)*3)} -> 20 | ... AE7: {=INDIRECT("Rapid!N" & (COLUMN()-1)*3)} -> 0
A8: Liefering | B8: {=INDIRECT("Liefering!N" & (COLUMN()-1)*3)} -> 19.454545 | C8: {=INDIRECT("Liefering!N" & (COLUMN()-1)*3)} -> 19.636364 | D8: {=INDIRECT("Liefering!N" & (COLUMN()-1)*3)} -> 19.727273 | E8: {=INDIRECT("Liefering!N" & (COLUMN()-1)*3)} -> 19.636364 | F8: {=INDIRECT("Liefering!N" & (COLUMN()-1)*3)} -> 19.636364 | G8: {=INDIRECT("Liefering!N" & (COLUMN()-1)*3)} -> 19.636364 | H8: {=INDIRECT("Liefering!N" & (COLUMN()-1)*3)} -> 19.545455 | I8: {=INDIRECT("Liefering!N" & (COLUMN()-1)*3)} -> 19.636364 | ... AE8: {=INDIRECT("Liefering!N" & (COLUMN()-1)*3)} -> 0
A9: Sturm | B9: {=INDIRECT("Sturm!N" & (COLUMN()-1)*3)} -> 20.272727 | C9: {=INDIRECT("Sturm!N" & (COLUMN()-1)*3)} -> 20.545455 | D9: {=INDIRECT("Sturm!N" & (COLUMN()-1)*3)} -> 20.454545 | E9: {=INDIRECT("Sturm!N" & (COLUMN()-1)*3)} -> 20.545455 | F9: {=INDIRECT("Sturm!N" & (COLUMN()-1)*3)} -> 20.181818 | G9: {=INDIRECT("Sturm!N" & (COLUMN()-1)*3)} -> 20.363636 | H9: {=INDIRECT("Sturm!N" & (COLUMN()-1)*3)} -> 21.363636 | I9: {=INDIRECT("Sturm!N" & (COLUMN()-1)*3)} -> 21 | ... AE9: {=INDIRECT("Sturm!N" & (COLUMN()-1)*3)} -> 20.181818

Sheet JWR
N1: =AVERAGE(N3:N99) -> 19.83165
A2: LASK | B2: Wimmer F. | C2: Ablinger | D2: Weissenbacher | E2: Nezic | F2: Scholl | G2: Balabas | H2: Bogou | I2: Zotz | J2: Forobosko | K2: Arencibia | L2: Olinga
B3: =DATEDIF(VLOOKUP(B2,$P$18:$Q$100,2,FALSE),TODAY(),"Y") -> 27 | C3: =DATEDIF(VLOOKUP(C2,$P$18:$Q$100,2,FALSE),TODAY(),"Y") -> 18 | D3: =DATEDIF(VLOOKUP(D2,$P$18:$Q$100,2,FALSE),TODAY(),"Y") -> 20 | E3: =DATEDIF(VLOOKUP(E2,$P$18:$Q$100,2,FALSE),TODAY(),"Y") -> 19 | F3: =DATEDIF(VLOOKUP(F2,$P$18:$Q$100,2,FALSE),TODAY(),"Y") -> 18 | G3: =DATEDIF(VLOOKUP(G2,$P$18:$Q$100,2,FALSE),TODAY(),"Y") -> 19 | H3: =DATEDIF(VLOOKUP(H2,$P$18:$Q$100,2,FALSE),TODAY(),"Y") -> 18 | I3: =DATEDIF(VLOOKUP(I2,$P$18:$Q$100,2,FALSE),TODAY(),"Y") -> 18 | ... L3: =DATEDIF(VLOOKUP(L2,$P$18:$Q$100,2,FALSE),TODAY(),"Y") -> 21 | N3: =AVERAGE(B3:M3) -> 19.727273
A5: Dietach | B5: Frey | C5: Ablinger | D5: Weissenbacher | E5: Nezic | F5: Scholl | G5: Krain | H5: Abubakar | I5: Zotz | J5: Forobosko | K5: Koplarovics | L5: Olinga
B6: =DATEDIF(VLOOKUP(B5,$P$18:$Q$100,2,FALSE),TODAY(),"Y") -> 17 | C6: =DATEDIF(VLOOKUP(C5,$P$18:$Q$100,2,FALSE),TODAY(),"Y") -> 18 | D6: =DATEDIF(VLOOKUP(D5,$P$18:$Q$100,2,FALSE),TODAY(),"Y") -> 20 | E6: =DATEDIF(VLOOKUP(E5,$P$18:$Q$100,2,FALSE),TODAY(),"Y") -> 19 | F6: =DATEDIF(VLOOKUP(F5,$P$18:$Q$100,2,FALSE),TODAY(),"Y") -> 18 | G6: =DATEDIF(VLOOKUP(G5,$P$18:$Q$100,2,FALSE),TODAY(),"Y") -> 17 | H6: =DATEDIF(VLOOKUP(H5,$P$18:$Q$100,2,FALSE),TODAY(),"Y") -> 21 | I6: =DATEDIF(VLOOKUP(I5,$P$18:$Q$100,2,FALSE),TODAY(),"Y") -> 18 | ... L6: =DATEDIF(VLOOKUP(L5,$P$18:$Q$100,2,FALSE),TODAY(),"Y") -> 21 | N6: =AVERAGE(B6:M6) -> 18.727273
A8: WAC | B8: Wimmer F. | C8: Ablinger | D8: Weissenbacher | E8: Nezic | F8: Scholl | G8: Rossdorfer | H8: Bogou | I8: Abubakar | J8: Forobosko | K8: Sane | L8: Olinga
B9: =DATEDIF(VLOOKUP(B8,$P$18:$Q$100,2,FALSE),TODAY(),"Y") -> 27 | C9: =DATEDIF(VLOOKUP(C8,$P$18:$Q$100,2,FALSE),TODAY(),"Y") -> 18 | D9: =DATEDIF(VLOOKUP(D8,$P$18:$Q$100,2,FALSE),TODAY(),"Y") -> 20 | E9: =DATEDIF(VLOOKUP(E8,$P$18:$Q$100,2,FALSE),TODAY(),"Y") -> 19 | F9: =DATEDIF(VLOOKUP(F8,$P$18:$Q$100,2,FALSE),TODAY(),"Y") -> 18 | G9: =DATEDIF(VLOOKUP(G8,$P$18:$Q$100,2,FALSE),TODAY(),"Y") -> 20 | H9: =DATEDIF(VLOOKUP(H8,$P$18:$Q$100,2,FALSE),TODAY(),"Y") -> 18 | I9: =DATEDIF(VLOOKUP(I8,$P$18:$Q$100,2,FALSE),TODAY(),"Y") -> 21 | ... L9: =DATEDIF(VLOOKUP(L8,$P$18:$Q$100,2,FALSE),TODAY(),"Y") -> 21 | N9: =AVERAGE(B9:M9) -> 21.272727
A11: Voitsberg | B11: Frey | C11: Ablinger | D11: Weissenbacher | E11: Nezic | F11: Scholl | G11: Richards | H11: Zotz | I11: Balabas | J11: Forobosko | K11: Sane | L11: Olinga
B12: =DATEDIF(VLOOKUP(B11,$P$18:$Q$100,2,FALSE),TODAY(),"Y") -> 17 | C12: =DATEDIF(VLOOKUP(C11,$P$18:$Q$100,2,FALSE),TODAY(),"Y") -> 18 | D12: =DATEDIF(VLOOKUP(D11,$P$18:$Q$100,2,FALSE),TODAY(),"Y") -> 20 | E12: =DATEDIF(VLOOKUP(E11,$P$18:$Q$100,2,FALSE),TODAY(),"Y") -> 19 | F12: =DATEDIF(VLOOKUP(F11,$P$18:$Q$100,2,FALSE),TODAY(),"Y") -> 18 | G12: =DATEDIF(VLOOKUP(G11,$P$18:$Q$100,2,FALSE),TODAY(),"Y") -> 18 | H12: =DATEDIF(VLOOKUP(H11,$P$18:$Q$100,2,FALSE),TODAY(),"Y") -> 18 | I12: =DATEDIF(VLOOKUP(I11,$P$18:$Q$100,2,FALSE),TODAY(),"Y") -> 19 | ... L12: =DATEDIF(VLOOKUP(L11,$P$18:$Q$100,2,FALSE),TODAY(),"Y") -> 21 | N12: =AVERAGE(B12:M12) -> 20
A14: St. Anna | B14: Wimmer F. | C14: Ablinger | D14: Weissenbacher | E14: Nezic | F14: Scholl | G14: Balabas | H14: Bogou | I14: Zotz | J14: Forobosko | K14: Sane | L14: Olinga
B15: =DATEDIF(VLOOKUP(B14,$P$18:$Q$100,2,FALSE),TODAY(),"Y") -> 27 | C15: =DATEDIF(VLOOKUP(C14,$P$18:$Q$100,2,FALSE),TODAY(),"Y") -> 18 | D15: =DATEDIF(VLOOKUP(D14,$P$18:$Q$100,2,FALSE),TODAY(),"Y") -> 20 | E15: =DATEDIF(VLOOKUP(E14,$P$18:$Q$100,2,FALSE),TODAY(),"Y") -> 19 | F15: =DATEDIF(VLOOKUP(F14,$P$18:$Q$100,2,FALSE),TODAY(),"Y") -> 18 | G15: =DATEDIF(VLOOKUP(G14,$P$18:$Q$100,2,FALSE),TODAY(),"Y") -> 19 | H15: =DATEDIF(VLOOKUP(H14,$P$18:$Q$100,2,FALSE),TODAY(),"Y") -> 18 | I15: =DATEDIF(VLOOKUP(I14,$P$18:$Q$100,2,FALSE),TODAY(),"Y") -> 18 | ... L15: =DATEDIF(VLOOKUP(L14,$P$18:$Q$100,2,FALSE),TODAY(),"Y") -> 21 | N15: =AVERAGE(B15:M15) -> 20.909091
A17: Treibach | B17: Stöger | C17: Ablinger | D17: Weissenbacher | E17: Spiegl | F17: Scholl | G17: Balabas | H17: Bogou | I17: Rossdorfer | J17: Forobosko | K17: Arencibia | L17: Olinga
B18: =DATEDIF(VLOOKUP(B17,$P$18:$Q$100,2,FALSE),TODAY(),"Y") -> 19 | C18: =DATEDIF(VLOOKUP(C17,$P$18:$Q$100,2,FALSE),TODAY(),"Y") -> 18 | D18: =DATEDIF(VLOOKUP(D17,$P$18:$Q$100,2,FALSE),TODAY(),"Y") -> 20 | E18: =DATEDIF(VLOOKUP(E17,$P$18:$Q$100,2,FALSE),TODAY(),"Y") -> 18 | F18: =DATEDIF(VLOOKUP(F17,$P$18:$Q$100,2,FALSE),TODAY(),"Y") -> 18 | G18: =DATEDIF(VLOOKUP(G17,$P$18:$Q$100,2,FALSE),TODAY(),"Y") -> 19 | H18: =DATEDIF(VLOOKUP(H17,$P$18:$Q$100,2,FALSE),TODAY(),"Y") -> 18 | I18: =DATEDIF(VLOOKUP(I17,$P$18:$Q$100,2,FALSE),TODAY(),"Y") -> 20 | ... L18: =DATEDIF(VLOOKUP(L17,$P$18:$Q$100,2,FALSE),TODAY(),"Y") -> 21 | N18: =AVERAGE(B18:M18) -> 19.090909 | P18: Wimmer F. | Q18: 36024 | T18: 40
P19: Ablinger | Q19: 39233
A20: Kalsdorf | B20: Frey | C20: Ablinger | D20: Balabas | E20: Nezic | F20: Krain | G20: Scholl | H20: Forobosko | I20: Wimmer D. | J20: Abubakar | K20: Arencibia | L20: Spiegl | P20: Nezic | Q20: 39158
B21: =DATEDIF(VLOOKUP(B20,$P$18:$Q$100,2,FALSE),TODAY(),"Y") -> 17 | C21: =DATEDIF(VLOOKUP(C20,$P$18:$Q$100,2,FALSE),TODAY(),"Y") -> 18 | D21: =DATEDIF(VLOOKUP(D20,$P$18:$Q$100,2,FALSE),TODAY(),"Y") -> 19 | E21: =DATEDIF(VLOOKUP(E20,$P$18:$Q$100,2,FALSE),TODAY(),"Y") -> 19 | F21: =DATEDIF(VLOOKUP(F20,$P$18:$Q$100,2,FALSE),TODAY(),"Y") -> 17 | G21: =DATEDIF(VLOOKUP(G20,$P$18:$Q$100,2,FALSE),TODAY(),"Y") -> 18 | H21: =DATEDIF(VLOOKUP(H20,$P$18:$Q$100,2,FALSE),TODAY(),"Y") -> 19 | I21: =DATEDIF(VLOOKUP(I20,$P$18:$Q$100,2,FALSE),TODAY(),"Y") -> 20 | ... L21: =DATEDIF(VLOOKUP(L20,$P$18:$Q$100,2,FALSE),TODAY(),"Y") -> 18 | N21: =AVERAGE(B21:M21) -> 18.727273 | P21: Weissenbacher | Q21: 38504
P22: Forobosko | Q22: 38946
A23: Velden | B23: Wimmer F. | C23: Ablinger | D23: Balabas | E23: Weissenbacher | F23: Krain | G23: Scholl | H23: Olinga | I23: Wimmer D. | J23: Zotz | K23: Arencibia | L23: Leodolter | P23: Balabas | Q23: 38883
B24: =DATEDIF(VLOOKUP(B23,$P$18:$Q$100,2,FALSE),TODAY(),"Y") -> 27 | C24: =DATEDIF(VLOOKUP(C23,$P$18:$Q$100,2,FALSE),TODAY(),"Y") -> 18 | D24: =DATEDIF(VLOOKUP(D23,$P$18:$Q$100,2,FALSE),TODAY(),"Y") -> 19 | E24: =DATEDIF(VLOOKUP(E23,$P$18:$Q$100,2,FALSE),TODAY(),"Y") -> 20 | F24: =DATEDIF(VLOOKUP(F23,$P$18:$Q$100,2,FALSE),TODAY(),"Y") -> 17 | G24: =DATEDIF(VLOOKUP(G23,$P$18:$Q$100,2,FALSE),TODAY(),"Y") -> 18 | H24: =DATEDIF(VLOOKUP(H23,$P$18:$Q$100,2,FALSE),TODAY(),"Y") -> 21 | I24: =DATEDIF(VLOOKUP(I23,$P$18:$Q$100,2,FALSE),TODAY(),"Y") -> 20 | ... L24: =DATEDIF(VLOOKUP(L23,$P$18:$Q$100,2,FALSE),TODAY(),"Y") -> 19 | N24: =AVERAGE(B24:M24) -> 19.727273 | P24: Scholl | Q24: 39290
P25: Zotz | Q25: 39266
A26: Oedt | B26: Frey | C26: Ablinger | D26: Balabas | E26: Weissenbacher | F26: Krain | G26: Scholl | H26: Olinga | I26: Wimmer D. | J26: Zotz | K26: Arencibia | L26: Leodolter | P26: Bogou | Q26: 39372
B27: =DATEDIF(VLOOKUP(B26,$P$18:$Q$100,2,FALSE),TODAY(),"Y") -> 17 | C27: =DATEDIF(VLOOKUP(C26,$P$18:$Q$100,2,FALSE),TODAY(),"Y") -> 18 | D27: =DATEDIF(VLOOKUP(D26,$P$18:$Q$100,2,FALSE),TODAY(),"Y") -> 19 | E27: =DATEDIF(VLOOKUP(E26,$P$18:$Q$100,2,FALSE),TODAY(),"Y") -> 20 | F27: =DATEDIF(VLOOKUP(F26,$P$18:$Q$100,2,FALSE),TODAY(),"Y") -> 17 | G27: =DATEDIF(VLOOKUP(G26,$P$18:$Q$100,2,FALSE),TODAY(),"Y") -> 18 | H27: =DATEDIF(VLOOKUP(H26,$P$18:$Q$100,2,FALSE),TODAY(),"Y") -> 21 | I27: =DATEDIF(VLOOKUP(I26,$P$18:$Q$100,2,FALSE),TODAY(),"Y") -> 20 | ... L27: =DATEDIF(VLOOKUP(L26,$P$18:$Q$100,2,FALSE),TODAY(),"Y") -> 19 | N27: =AVERAGE(B27:M27) -> 18.818182 | P27: Arencibia | Q27: 38668
P28: Olinga | Q28: 38453
A29: Gurten | B29: Wimmer F. | C29: Ablinger | D29: Balabas | E29: Weissenbacher | F29: Krain | G29: Scholl | H29: Olinga | I29: Wimmer D. | J29: Rossdorfer | K29: Bogou | L29: Leodolter | P29: Frey | Q29: 39664
B30: =DATEDIF(VLOOKUP(B29,$P$18:$Q$100,2,FALSE),TODAY(),"Y") -> 27 | C30: =DATEDIF(VLOOKUP(C29,$P$18:$Q$100,2,FALSE),TODAY(),"Y") -> 18 | D30: =DATEDIF(VLOOKUP(D29,$P$18:$Q$100,2,FALSE),TODAY(),"Y") -> 19 | E30: =DATEDIF(VLOOKUP(E29,$P$18:$Q$100,2,FALSE),TODAY(),"Y") -> 20 | F30: =DATEDIF(VLOOKUP(F29,$P$18:$Q$100,2,FALSE),TODAY(),"Y") -> 17 | G30: =DATEDIF(VLOOKUP(G29,$P$18:$Q$100,2,FALSE),TODAY(),"Y") -> 18 | H30: =DATEDIF(VLOOKUP(H29,$P$18:$Q$100,2,FALSE),TODAY(),"Y") -> 21 | I30: =DATEDIF(VLOOKUP(I29,$P$18:$Q$100,2,FALSE),TODAY(),"Y") -> 20 | ... L30: =DATEDIF(VLOOKUP(L29,$P$18:$Q$100,2,FALSE),TODAY(),"Y") -> 19 | N30: =AVERAGE(B30:M30) -> 19.727273 | P30: Krain | Q30: 39653
P31: Koplarovics | Q31: 39418
A32: Wallern | B32: Wimmer F. | C32: Ablinger | D32: Balabas | E32: Spiegl | F32: Krain | G32: Scholl | H32: Olinga | I32: Wimmer D. | J32: Forobosko | K32: Bogou | L32: Leodolter | P32: Abubakar | Q32: 38272
B33: =DATEDIF(VLOOKUP(B32,$P$18:$Q$100,2,FALSE),TODAY(),"Y") -> 27 | C33: =DATEDIF(VLOOKUP(C32,$P$18:$Q$100,2,FALSE),TODAY(),"Y") -> 18 | D33: =DATEDIF(VLOOKUP(D32,$P$18:$Q$100,2,FALSE),TODAY(),"Y") -> 19 | E33: =DATEDIF(VLOOKUP(E32,$P$18:$Q$100,2,FALSE),TODAY(),"Y") -> 18 | F33: =DATEDIF(VLOOKUP(F32,$P$18:$Q$100,2,FALSE),TODAY(),"Y") -> 17 | G33: =DATEDIF(VLOOKUP(G32,$P$18:$Q$100,2,FALSE),TODAY(),"Y") -> 18 | H33: =DATEDIF(VLOOKUP(H32,$P$18:$Q$100,2,FALSE),TODAY(),"Y") -> 21 | I33: =DATEDIF(VLOOKUP(I32,$P$18:$Q$100,2,FALSE),TODAY(),"Y") -> 20 | ... L33: =DATEDIF(VLOOKUP(L32,$P$18:$Q$100,2,FALSE),TODAY(),"Y") -> 19 | N33: =AVERAGE(B33:M33) -> 19.454545 | P33: Rossdorfer | Q33: 38665
P34: Sane | Q34: 33804
A35: Weiz | B35: Wimmer F. | C35: Ablinger | D35: Balabas | E35: Spiegl | F35: Krain | G35: Scholl | H35: Olinga | I35: Wimmer D. | J35: Rossdorfer | K35: Bogou | L35: Leodolter | P35: Richards | Q35: 39356
B36: =DATEDIF(VLOOKUP(B35,$P$18:$Q$100,2,FALSE),TODAY(),"Y") -> 27 | C36: =DATEDIF(VLOOKUP(C35,$P$18:$Q$100,2,FALSE),TODAY(),"Y") -> 18 | D36: =DATEDIF(VLOOKUP(D35,$P$18:$Q$100,2,FALSE),TODAY(),"Y") -> 19 | E36: =DATEDIF(VLOOKUP(E35,$P$18:$Q$100,2,FALSE),TODAY(),"Y") -> 18 | F36: =DATEDIF(VLOOKUP(F35,$P$18:$Q$100,2,FALSE),TODAY(),"Y") -> 17 | G36: =DATEDIF(VLOOKUP(G35,$P$18:$Q$100,2,FALSE),TODAY(),"Y") -> 18 | H36: =DATEDIF(VLOOKUP(H35,$P$18:$Q$100,2,FALSE),TODAY(),"Y") -> 21 | I36: =DATEDIF(VLOOKUP(I35,$P$18:$Q$100,2,FALSE),TODAY(),"Y") -> 20 | ... L36: =DATEDIF(VLOOKUP(L35,$P$18:$Q$100,2,FALSE),TODAY(),"Y") -> 19 | N36: =AVERAGE(B36:M36) -> 19.545455 | P36: Spiegl | Q36: 39361
P37: Stöger | Q37: 38982
A38: DSC | B38: Sturm | C38: Ablinger | D38: Balabas | E38: Abubakar | F38: Kiesl | G38: Scholl | H38: Olinga | I38: Wimmer D. | J38: Zotz | K38: Arencibia | L38: Leodolter | P38: Wimmer D. | Q38: 38539
B39: =DATEDIF(VLOOKUP(B38,$P$18:$Q$100,2,FALSE),TODAY(),"Y") -> 16 | C39: =DATEDIF(VLOOKUP(C38,$P$18:$Q$100,2,FALSE),TODAY(),"Y") -> 18 | D39: =DATEDIF(VLOOKUP(D38,$P$18:$Q$100,2,FALSE),TODAY(),"Y") -> 19 | E39: =DATEDIF(VLOOKUP(E38,$P$18:$Q$100,2,FALSE),TODAY(),"Y") -> 21 | F39: =DATEDIF(VLOOKUP(F38,$P$18:$Q$100,2,FALSE),TODAY(),"Y") -> 18 | G39: =DATEDIF(VLOOKUP(G38,$P$18:$Q$100,2,FALSE),TODAY(),"Y") -> 18 | H39: =DATEDIF(VLOOKUP(H38,$P$18:$Q$100,2,FALSE),TODAY(),"Y") -> 21 | I39: =DATEDIF(VLOOKUP(I38,$P$18:$Q$100,2,FALSE),TODAY(),"Y") -> 20 | ... L39: =DATEDIF(VLOOKUP(L38,$P$18:$Q$100,2,FALSE),TODAY(),"Y") -> 19 | N39: =AVERAGE(B39:M39) -> 18.909091 | P39: Leodolter | Q39: 38932
P40: Sturm | Q40: 39958
A41: Gleisdorf | B41: Wimmer F. | C41: Ablinger | D41: Balabas | E41: Abubakar | F41: Krain | G41: Scholl | H41: Olinga | I41: Wimmer D. | J41: Zotz | K41: Richards | L41: Leodolter | P41: Kiesl | Q41: 39424
B42: =DATEDIF(VLOOKUP(B41,$P$18:$Q$100,2,FALSE),TODAY(),"Y") -> 27 | C42: =DATEDIF(VLOOKUP(C41,$P$18:$Q$100,2,FALSE),TODAY(),"Y") -> 18 | D42: =DATEDIF(VLOOKUP(D41,$P$18:$Q$100,2,FALSE),TODAY(),"Y") -> 19 | E42: =DATEDIF(VLOOKUP(E41,$P$18:$Q$100,2,FALSE),TODAY(),"Y") -> 21 | F42: =DATEDIF(VLOOKUP(F41,$P$18:$Q$100,2,FALSE),TODAY(),"Y") -> 17 | G42: =DATEDIF(VLOOKUP(G41,$P$18:$Q$100,2,FALSE),TODAY(),"Y") -> 18 | H42: =DATEDIF(VLOOKUP(H41,$P$18:$Q$100,2,FALSE),TODAY(),"Y") -> 21 | I42: =DATEDIF(VLOOKUP(I41,$P$18:$Q$100,2,FALSE),TODAY(),"Y") -> 20 | ... L42: =DATEDIF(VLOOKUP(L41,$P$18:$Q$100,2,FALSE),TODAY(),"Y") -> 19 | N42: =AVERAGE(B42:M42) -> 19.636364 | P42: Pesu | Q42: 39739
P43: Danylenko | Q43: 39667
A44: Lafnitz | B44: Frey | C44: Ablinger | D44: Balabas | E44: Abubakar | F44: Krain | G44: Scholl | H44: Olinga | I44: Forobosko | J44: Zotz | K44: Richards | L44: Leodolter | P44: Kirnbauer | Q44: 37496
B45: =DATEDIF(VLOOKUP(B44,$P$18:$Q$100,2,FALSE),TODAY(),"Y") -> 17 | C45: =DATEDIF(VLOOKUP(C44,$P$18:$Q$100,2,FALSE),TODAY(),"Y") -> 18 | D45: =DATEDIF(VLOOKUP(D44,$P$18:$Q$100,2,FALSE),TODAY(),"Y") -> 19 | E45: =DATEDIF(VLOOKUP(E44,$P$18:$Q$100,2,FALSE),TODAY(),"Y") -> 21 | F45: =DATEDIF(VLOOKUP(F44,$P$18:$Q$100,2,FALSE),TODAY(),"Y") -> 17 | G45: =DATEDIF(VLOOKUP(G44,$P$18:$Q$100,2,FALSE),TODAY(),"Y") -> 18 | H45: =DATEDIF(VLOOKUP(H44,$P$18:$Q$100,2,FALSE),TODAY(),"Y") -> 21 | I45: =DATEDIF(VLOOKUP(I44,$P$18:$Q$100,2,FALSE),TODAY(),"Y") -> 19 | ... L45: =DATEDIF(VLOOKUP(L44,$P$18:$Q$100,2,FALSE),TODAY(),"Y") -> 19 | N45: =AVERAGE(B45:M45) -> 18.636364 | P45: Köstenbauer | Q45: 37129
P46: Schwaighofer | Q46: 37139
A47: LASK | B47: Köstenbauer | C47: Ablinger | D47: Balabas | E47: Abubakar | F47: Weissenbacher | G47: Scholl | H47: Spiegl | I47: Pesu | J47: Zotz | K47: Richards | L47: Schwaighofer | P47: Frauscher | Q47: 39613
B48: =DATEDIF(VLOOKUP(B47,$P$18:$Q$100,2,FALSE),TODAY(),"Y") -> 24 | C48: =DATEDIF(VLOOKUP(C47,$P$18:$Q$100,2,FALSE),TODAY(),"Y") -> 18 | D48: =DATEDIF(VLOOKUP(D47,$P$18:$Q$100,2,FALSE),TODAY(),"Y") -> 19 | E48: =DATEDIF(VLOOKUP(E47,$P$18:$Q$100,2,FALSE),TODAY(),"Y") -> 21 | F48: =DATEDIF(VLOOKUP(F47,$P$18:$Q$100,2,FALSE),TODAY(),"Y") -> 20 | G48: =DATEDIF(VLOOKUP(G47,$P$18:$Q$100,2,FALSE),TODAY(),"Y") -> 18 | H48: =DATEDIF(VLOOKUP(H47,$P$18:$Q$100,2,FALSE),TODAY(),"Y") -> 18 | I48: =DATEDIF(VLOOKUP(I47,$P$18:$Q$100,2,FALSE),TODAY(),"Y") -> 17 | ... L48: =DATEDIF(VLOOKUP(L47,$P$18:$Q$100,2,FALSE),TODAY(),"Y") -> 24 | N48: =AVERAGE(B48:M48) -> 19.545455 | P48: Martinetz | Q48: 39468
P49: Zetic | Q49: 38486
A50: Dietach | B50: Cechal | C50: Sammer | D50: Leodolter | E50: Abubakar | F50: Weissenbacher | G50: Scholl | H50: Olinga | I50: Pesu | J50: Zotz | K50: Richards | L50: Schwaighofer | P50: Sammer | Q50: 38422
B51: =DATEDIF(VLOOKUP(B50,$P$18:$Q$100,2,FALSE),TODAY(),"Y") -> 21 | C51: =DATEDIF(VLOOKUP(C50,$P$18:$Q$100,2,FALSE),TODAY(),"Y") -> 21 | D51: =DATEDIF(VLOOKUP(D50,$P$18:$Q$100,2,FALSE),TODAY(),"Y") -> 19 | E51: =DATEDIF(VLOOKUP(E50,$P$18:$Q$100,2,FALSE),TODAY(),"Y") -> 21 | F51: =DATEDIF(VLOOKUP(F50,$P$18:$Q$100,2,FALSE),TODAY(),"Y") -> 20 | G51: =DATEDIF(VLOOKUP(G50,$P$18:$Q$100,2,FALSE),TODAY(),"Y") -> 18 | H51: =DATEDIF(VLOOKUP(H50,$P$18:$Q$100,2,FALSE),TODAY(),"Y") -> 21 | I51: =DATEDIF(VLOOKUP(I50,$P$18:$Q$100,2,FALSE),TODAY(),"Y") -> 17 | ... L51: =DATEDIF(VLOOKUP(L50,$P$18:$Q$100,2,FALSE),TODAY(),"Y") -> 24 | N51: =AVERAGE(B51:M51) -> 19.818182 | P51: Cechal | Q51: 38384
P52: Aisowieren | Q52: 38569
A53: WAC | B53: Cechal | C53: Sammer | D53: Balabas | E53: Zetic | F53: Weissenbacher | G53: Scholl | H53: Olinga | I53: Kirnbauer | J53: Zotz | K53: Ablinger | L53: Schwaighofer | P53: Scherzer | Q53: 34902
B54: =DATEDIF(VLOOKUP(B53,$P$18:$Q$100,2,FALSE),TODAY(),"Y") -> 21 | C54: =DATEDIF(VLOOKUP(C53,$P$18:$Q$100,2,FALSE),TODAY(),"Y") -> 21 | D54: =DATEDIF(VLOOKUP(D53,$P$18:$Q$100,2,FALSE),TODAY(),"Y") -> 19 | E54: =DATEDIF(VLOOKUP(E53,$P$18:$Q$100,2,FALSE),TODAY(),"Y") -> 21 | F54: =DATEDIF(VLOOKUP(F53,$P$18:$Q$100,2,FALSE),TODAY(),"Y") -> 20 | G54: =DATEDIF(VLOOKUP(G53,$P$18:$Q$100,2,FALSE),TODAY(),"Y") -> 18 | H54: =DATEDIF(VLOOKUP(H53,$P$18:$Q$100,2,FALSE),TODAY(),"Y") -> 21 | I54: =DATEDIF(VLOOKUP(I53,$P$18:$Q$100,2,FALSE),TODAY(),"Y") -> 23 | ... L54: =DATEDIF(VLOOKUP(L53,$P$18:$Q$100,2,FALSE),TODAY(),"Y") -> 24 | N54: =AVERAGE(B54:M54) -> 20.363636 | P54: Wernitznig | Q54: 32928
P55: Zeqiri | Q55: 39743
A56: Voitsberg | B56: Stöger | C56: Sammer | D56: Balabas | E56: Spiegl | F56: Weissenbacher | G56: Scholl | H56: Olinga | I56: Richards | J56: Zotz | K56: Ablinger | L56: Schwaighofer | P56: Schwaiger | Q56: 39773
B57: =DATEDIF(VLOOKUP(B56,$P$18:$Q$100,2,FALSE),TODAY(),"Y") -> 19 | C57: =DATEDIF(VLOOKUP(C56,$P$18:$Q$100,2,FALSE),TODAY(),"Y") -> 21 | D57: =DATEDIF(VLOOKUP(D56,$P$18:$Q$100,2,FALSE),TODAY(),"Y") -> 19 | E57: =DATEDIF(VLOOKUP(E56,$P$18:$Q$100,2,FALSE),TODAY(),"Y") -> 18 | F57: =DATEDIF(VLOOKUP(F56,$P$18:$Q$100,2,FALSE),TODAY(),"Y") -> 20 | G57: =DATEDIF(VLOOKUP(G56,$P$18:$Q$100,2,FALSE),TODAY(),"Y") -> 18 | H57: =DATEDIF(VLOOKUP(H56,$P$18:$Q$100,2,FALSE),TODAY(),"Y") -> 21 | I57: =DATEDIF(VLOOKUP(I56,$P$18:$Q$100,2,FALSE),TODAY(),"Y") -> 18 | ... L57: =DATEDIF(VLOOKUP(L56,$P$18:$Q$100,2,FALSE),TODAY(),"Y") -> 24 | N57: =AVERAGE(B57:M57) -> 19.454545 | P57: Goiginger | Q57: 39824
A59: St. Anna | B59: Cechal | C59: Sammer | D59: Balabas | E59: Scherzer | F59: Weissenbacher | G59: Scholl | H59: Olinga | I59: Bogou | J59: Zotz | K59: Sane | L59: Schwaighofer
B60: =DATEDIF(VLOOKUP(B59,$P$18:$Q$100,2,FALSE),TODAY(),"Y") -> 21 | C60: =DATEDIF(VLOOKUP(C59,$P$18:$Q$100,2,FALSE),TODAY(),"Y") -> 21 | D60: =DATEDIF(VLOOKUP(D59,$P$18:$Q$100,2,FALSE),TODAY(),"Y") -> 19 | E60: =DATEDIF(VLOOKUP(E59,$P$18:$Q$100,2,FALSE),TODAY(),"Y") -> 30 | F60: =DATEDIF(VLOOKUP(F59,$P$18:$Q$100,2,FALSE),TODAY(),"Y") -> 20 | G60: =DATEDIF(VLOOKUP(G59,$P$18:$Q$100,2,FALSE),TODAY(),"Y") -> 18 | H60: =DATEDIF(VLOOKUP(H59,$P$18:$Q$100,2,FALSE),TODAY(),"Y") -> 21 | I60: =DATEDIF(VLOOKUP(I59,$P$18:$Q$100,2,FALSE),TODAY(),"Y") -> 18 | ... L60: =DATEDIF(VLOOKUP(L59,$P$18:$Q$100,2,FALSE),TODAY(),"Y") -> 24 | N60: =AVERAGE(B60:M60) -> 22.090909
A62: Treibach | B62: Köstenbauer | C62: Sammer | D62: Balabas | E62: Scherzer | F62: Kirnbauer | G62: Scholl | H62: Olinga | I62: Bogou | J62: Zotz | K62: Zetic | L62: Schwaighofer
B63: =DATEDIF(VLOOKUP(B62,$P$18:$Q$100,2,FALSE),TODAY(),"Y") -> 24 | C63: =DATEDIF(VLOOKUP(C62,$P$18:$Q$100,2,FALSE),TODAY(),"Y") -> 21 | D63: =DATEDIF(VLOOKUP(D62,$P$18:$Q$100,2,FALSE),TODAY(),"Y") -> 19 | E63: =DATEDIF(VLOOKUP(E62,$P$18:$Q$100,2,FALSE),TODAY(),"Y") -> 30 | F63: =DATEDIF(VLOOKUP(F62,$P$18:$Q$100,2,FALSE),TODAY(),"Y") -> 23 | G63: =DATEDIF(VLOOKUP(G62,$P$18:$Q$100,2,FALSE),TODAY(),"Y") -> 18 | H63: =DATEDIF(VLOOKUP(H62,$P$18:$Q$100,2,FALSE),TODAY(),"Y") -> 21 | I63: =DATEDIF(VLOOKUP(I62,$P$18:$Q$100,2,FALSE),TODAY(),"Y") -> 18 | ... L63: =DATEDIF(VLOOKUP(L62,$P$18:$Q$100,2,FALSE),TODAY(),"Y") -> 24 | N63: =AVERAGE(B63:M63) -> 21.545455
A65: Kalsdorf | B65: Köstenbauer | C65: Sammer | D65: Wernitznig | E65: Scherzer | F65: Kirnbauer | G65: Scholl | H65: Olinga | I65: Aisowieren | J65: Zotz | K65: Leodolter | L65: Schwaighofer
B66: =DATEDIF(VLOOKUP(B65,$P$18:$Q$100,2,FALSE),TODAY(),"Y") -> 24 | C66: =DATEDIF(VLOOKUP(C65,$P$18:$Q$100,2,FALSE),TODAY(),"Y") -> 21 | D66: =DATEDIF(VLOOKUP(D65,$P$18:$Q$100,2,FALSE),TODAY(),"Y") -> 36 | E66: =DATEDIF(VLOOKUP(E65,$P$18:$Q$100,2,FALSE),TODAY(),"Y") -> 30 | F66: =DATEDIF(VLOOKUP(F65,$P$18:$Q$100,2,FALSE),TODAY(),"Y") -> 23 | G66: =DATEDIF(VLOOKUP(G65,$P$18:$Q$100,2,FALSE),TODAY(),"Y") -> 18 | H66: =DATEDIF(VLOOKUP(H65,$P$18:$Q$100,2,FALSE),TODAY(),"Y") -> 21 | I66: =DATEDIF(VLOOKUP(I65,$P$18:$Q$100,2,FALSE),TODAY(),"Y") -> 20 | ... L66: =DATEDIF(VLOOKUP(L65,$P$18:$Q$100,2,FALSE),TODAY(),"Y") -> 24 | N66: =AVERAGE(B66:M66) -> 23.090909
A68: Velden | B68: Cechal | C68: Sammer | D68: Balabas | E68: Schwaiger | F68: Zeqiri | G68: Scholl | H68: Spiegl | I68: Frauscher | J68: Zotz | K68: Pesu | L68: Schwaighofer
B69: =DATEDIF(VLOOKUP(B68,$P$18:$Q$100,2,FALSE),TODAY(),"Y") -> 21 | C69: =DATEDIF(VLOOKUP(C68,$P$18:$Q$100,2,FALSE),TODAY(),"Y") -> 21 | D69: =DATEDIF(VLOOKUP(D68,$P$18:$Q$100,2,FALSE),TODAY(),"Y") -> 19 | E69: =DATEDIF(VLOOKUP(E68,$P$18:$Q$100,2,FALSE),TODAY(),"Y") -> 17 | F69: =DATEDIF(VLOOKUP(F68,$P$18:$Q$100,2,FALSE),TODAY(),"Y") -> 17 | G69: =DATEDIF(VLOOKUP(G68,$P$18:$Q$100,2,FALSE),TODAY(),"Y") -> 18 | H69: =DATEDIF(VLOOKUP(H68,$P$18:$Q$100,2,FALSE),TODAY(),"Y") -> 18 | I69: =DATEDIF(VLOOKUP(I68,$P$18:$Q$100,2,FALSE),TODAY(),"Y") -> 17 | ... L69: =DATEDIF(VLOOKUP(L68,$P$18:$Q$100,2,FALSE),TODAY(),"Y") -> 24 | N69: =AVERAGE(B69:M69) -> 18.818182
A71: Oedt | B71: Köstenbauer | C71: Sammer | D71: Balabas | E71: Krain | F71: Zeqiri | G71: Scholl | H71: Spiegl | I71: Zetic | J71: Zotz | K71: Abubakar | L71: Schwaighofer
B72: =DATEDIF(VLOOKUP(B71,$P$18:$Q$100,2,FALSE),TODAY(),"Y") -> 24 | C72: =DATEDIF(VLOOKUP(C71,$P$18:$Q$100,2,FALSE),TODAY(),"Y") -> 21 | D72: =DATEDIF(VLOOKUP(D71,$P$18:$Q$100,2,FALSE),TODAY(),"Y") -> 19 | E72: =DATEDIF(VLOOKUP(E71,$P$18:$Q$100,2,FALSE),TODAY(),"Y") -> 17 | F72: =DATEDIF(VLOOKUP(F71,$P$18:$Q$100,2,FALSE),TODAY(),"Y") -> 17 | G72: =DATEDIF(VLOOKUP(G71,$P$18:$Q$100,2,FALSE),TODAY(),"Y") -> 18 | H72: =DATEDIF(VLOOKUP(H71,$P$18:$Q$100,2,FALSE),TODAY(),"Y") -> 18 | I72: =DATEDIF(VLOOKUP(I71,$P$18:$Q$100,2,FALSE),TODAY(),"Y") -> 21 | ... L72: =DATEDIF(VLOOKUP(L71,$P$18:$Q$100,2,FALSE),TODAY(),"Y") -> 24 | N72: =AVERAGE(B72:M72) -> 19.818182
A74: Gurten | B74: Cechal | C74: Sammer | D74: Goiginger | E74: Krain | F74: Zeqiri | G74: Scholl | H74: Spiegl | I74: Weissenbacher | J74: Zotz | K74: Abubakar | L74: Schwaighofer
B75: =DATEDIF(VLOOKUP(B74,$P$18:$Q$100,2,FALSE),TODAY(),"Y") -> 21 | C75: =DATEDIF(VLOOKUP(C74,$P$18:$Q$100,2,FALSE),TODAY(),"Y") -> 21 | D75: =DATEDIF(VLOOKUP(D74,$P$18:$Q$100,2,FALSE),TODAY(),"Y") -> 17 | E75: =DATEDIF(VLOOKUP(E74,$P$18:$Q$100,2,FALSE),TODAY(),"Y") -> 17 | F75: =DATEDIF(VLOOKUP(F74,$P$18:$Q$100,2,FALSE),TODAY(),"Y") -> 17 | G75: =DATEDIF(VLOOKUP(G74,$P$18:$Q$100,2,FALSE),TODAY(),"Y") -> 18 | H75: =DATEDIF(VLOOKUP(H74,$P$18:$Q$100,2,FALSE),TODAY(),"Y") -> 18 | I75: =DATEDIF(VLOOKUP(I74,$P$18:$Q$100,2,FALSE),TODAY(),"Y") -> 20 | ... L75: =DATEDIF(VLOOKUP(L74,$P$18:$Q$100,2,FALSE),TODAY(),"Y") -> 24 | N75: =AVERAGE(B75:M75) -> 19.272727
A77: Wallern | B77: Köstenbauer | C77: Kirnbauer | D77: Goiginger | E77: Krain | F77: Zeqiri | G77: Scholl | H77: Bogou | I77: Weissenbacher | J77: Zotz | K77: Abubakar | L77: Schwaighofer
B78: =DATEDIF(VLOOKUP(B77,$P$18:$Q$100,2,FALSE),TODAY(),"Y") -> 24 | C78: =DATEDIF(VLOOKUP(C77,$P$18:$Q$100,2,FALSE),TODAY(),"Y") -> 23 | D78: =DATEDIF(VLOOKUP(D77,$P$18:$Q$100,2,FALSE),TODAY(),"Y") -> 17 | E78: =DATEDIF(VLOOKUP(E77,$P$18:$Q$100,2,FALSE),TODAY(),"Y") -> 17 | F78: =DATEDIF(VLOOKUP(F77,$P$18:$Q$100,2,FALSE),TODAY(),"Y") -> 17 | G78: =DATEDIF(VLOOKUP(G77,$P$18:$Q$100,2,FALSE),TODAY(),"Y") -> 18 | H78: =DATEDIF(VLOOKUP(H77,$P$18:$Q$100,2,FALSE),TODAY(),"Y") -> 18 | I78: =DATEDIF(VLOOKUP(I77,$P$18:$Q$100,2,FALSE),TODAY(),"Y") -> 20 | ... L78: =DATEDIF(VLOOKUP(L77,$P$18:$Q$100,2,FALSE),TODAY(),"Y") -> 24 | N78: =AVERAGE(B78:M78) -> 19.727273
A80: Weiz | B80: Stöger | C80: Balabas | D80: Goiginger | E80: Scholl | F80: Schwaiger | G80: Olinga | H80: Spiegl | I80: Frauscher | J80: Zotz | K80: Abubakar | L80: Schwaighofer
B81: =DATEDIF(VLOOKUP(B80,$P$18:$Q$100,2,FALSE),TODAY(),"Y") -> 19 | C81: =DATEDIF(VLOOKUP(C80,$P$18:$Q$100,2,FALSE),TODAY(),"Y") -> 19 | D81: =DATEDIF(VLOOKUP(D80,$P$18:$Q$100,2,FALSE),TODAY(),"Y") -> 17 | E81: =DATEDIF(VLOOKUP(E80,$P$18:$Q$100,2,FALSE),TODAY(),"Y") -> 18 | F81: =DATEDIF(VLOOKUP(F80,$P$18:$Q$100,2,FALSE),TODAY(),"Y") -> 17 | G81: =DATEDIF(VLOOKUP(G80,$P$18:$Q$100,2,FALSE),TODAY(),"Y") -> 21 | H81: =DATEDIF(VLOOKUP(H80,$P$18:$Q$100,2,FALSE),TODAY(),"Y") -> 18 | I81: =DATEDIF(VLOOKUP(I80,$P$18:$Q$100,2,FALSE),TODAY(),"Y") -> 17 | ... L81: =DATEDIF(VLOOKUP(L80,$P$18:$Q$100,2,FALSE),TODAY(),"Y") -> 24 | N81: =AVERAGE(B81:M81) -> 19

Sheet LASK
N1: =AVERAGE(N3:N99) -> 20.144781
A2: Ried | B2: Jurak | C2: Midzic | D2: Kebe | E2: Balde | F2: Brkic | G2: Zirngast | H2: Tchicamboud | I2: Kane | J2: Augustus | K2: Perovic | L2: Haider
B3: =DATEDIF(VLOOKUP(B2,$P$18:$Q$100,2,FALSE),TODAY(),"Y") -> 21 | C3: =DATEDIF(VLOOKUP(C2,$P$18:$Q$100,2,FALSE),TODAY(),"Y") -> 21 | D3: =DATEDIF(VLOOKUP(D2,$P$18:$Q$100,2,FALSE),TODAY(),"Y") -> 20 | E3: =DATEDIF(VLOOKUP(E2,$P$18:$Q$100,2,FALSE),TODAY(),"Y") -> 20 | F3: =DATEDIF(VLOOKUP(F2,$P$18:$Q$100,2,FALSE),TODAY(),"Y") -> 20 | G3: =DATEDIF(VLOOKUP(G2,$P$18:$Q$100,2,FALSE),TODAY(),"Y") -> 24 | H3: =DATEDIF(VLOOKUP(H2,$P$18:$Q$100,2,FALSE),TODAY(),"Y") -> 20 | I3: =DATEDIF(VLOOKUP(I2,$P$18:$Q$100,2,FALSE),TODAY(),"Y") -> 20 | ... L3: =DATEDIF(VLOOKUP(L2,$P$18:$Q$100,2,FALSE),TODAY(),"Y") -> 20 | N3: =AVERAGE(B3:M3) -> 20.545455
A5: Velden | B5: Jurak | C5: Midzic | D5: Kebe | E5: Balde | F5: Sanogo | G5: Zirngast | H5: Tchicamboud | I5: Kane | J5: Augustus | K5: Perovic | L5: Frimpong
B6: =DATEDIF(VLOOKUP(B5,$P$18:$Q$100,2,FALSE),TODAY(),"Y") -> 21 | C6: =DATEDIF(VLOOKUP(C5,$P$18:$Q$100,2,FALSE),TODAY(),"Y") -> 21 | D6: =DATEDIF(VLOOKUP(D5,$P$18:$Q$100,2,FALSE),TODAY(),"Y") -> 20 | E6: =DATEDIF(VLOOKUP(E5,$P$18:$Q$100,2,FALSE),TODAY(),"Y") -> 20 | F6: =DATEDIF(VLOOKUP(F5,$P$18:$Q$100,2,FALSE),TODAY(),"Y") -> 22 | G6: =DATEDIF(VLOOKUP(G5,$P$18:$Q$100,2,FALSE),TODAY(),"Y") -> 24 | H6: =DATEDIF(VLOOKUP(H5,$P$18:$Q$100,2,FALSE),TODAY(),"Y") -> 20 | I6: =DATEDIF(VLOOKUP(I5,$P$18:$Q$100,2,FALSE),TODAY(),"Y") -> 20 | ... L6: =DATEDIF(VLOOKUP(L5,$P$18:$Q$100,2,FALSE),TODAY(),"Y") -> 21 | N6: =AVERAGE(B6:M6) -> 20.818182
A8: Oedt | B8: Jurak | C8: Midzic | D8: Kebe | E8: Balde | F8: Lebersorger | G8: Zirngast | H8: Tchicamboud | I8: Dianko | J8: Fall | K8: Perovic | L8: Haider
B9: =DATEDIF(VLOOKUP(B8,$P$18:$Q$100,2,FALSE),TODAY(),"Y") -> 21 | C9: =DATEDIF(VLOOKUP(C8,$P$18:$Q$100,2,FALSE),TODAY(),"Y") -> 21 | D9: =DATEDIF(VLOOKUP(D8,$P$18:$Q$100,2,FALSE),TODAY(),"Y") -> 20 | E9: =DATEDIF(VLOOKUP(E8,$P$18:$Q$100,2,FALSE),TODAY(),"Y") -> 20 | F9: =DATEDIF(VLOOKUP(F8,$P$18:$Q$100,2,FALSE),TODAY(),"Y") -> 20 | G9: =DATEDIF(VLOOKUP(G8,$P$18:$Q$100,2,FALSE),TODAY(),"Y") -> 24 | H9: =DATEDIF(VLOOKUP(H8,$P$18:$Q$100,2,FALSE),TODAY(),"Y") -> 20 | I9: =DATEDIF(VLOOKUP(I8,$P$18:$Q$100,2,FALSE),TODAY(),"Y") -> 20 | ... L9: =DATEDIF(VLOOKUP(L8,$P$18:$Q$100,2,FALSE),TODAY(),"Y") -> 20 | N9: =AVERAGE(B9:M9) -> 20.545455
A11: Gurten | B11: Jurak | C11: Midzic | D11: Kebe | E11: Bauer | F11: Augustus | G11: Asgersson | H11: Tchicamboud | I11: Sanogo | J11: Fall | K11: Perovic | L11: Haider
B12: =DATEDIF(VLOOKUP(B11,$P$18:$Q$100,2,FALSE),TODAY(),"Y") -> 21 | C12: =DATEDIF(VLOOKUP(C11,$P$18:$Q$100,2,FALSE),TODAY(),"Y") -> 21 | D12: =DATEDIF(VLOOKUP(D11,$P$18:$Q$100,2,FALSE),TODAY(),"Y") -> 20 | E12: =DATEDIF(VLOOKUP(E11,$P$18:$Q$100,2,FALSE),TODAY(),"Y") -> 19 | F12: =DATEDIF(VLOOKUP(F11,$P$18:$Q$100,2,FALSE),TODAY(),"Y") -> 21 | G12: =DATEDIF(VLOOKUP(G11,$P$18:$Q$100,2,FALSE),TODAY(),"Y") -> 17 | H12: =DATEDIF(VLOOKUP(H11,$P$18:$Q$100,2,FALSE),TODAY(),"Y") -> 20 | I12: =DATEDIF(VLOOKUP(I11,$P$18:$Q$100,2,FALSE),TODAY(),"Y") -> 22 | ... L12: =DATEDIF(VLOOKUP(L11,$P$18:$Q$100,2,FALSE),TODAY(),"Y") -> 20 | N12: =AVERAGE(B12:M12) -> 20.090909
A14: Wallern | B14: Jurak | C14: Midzic | D14: Kebe | E14: Balde | F14: Augustus | G14: Lebersorger | H14: Tchicamboud | I14: Sanogo | J14: Dianko | K14: Perovic | L14: Haider
B15: =DATEDIF(VLOOKUP(B14,$P$18:$Q$100,2,FALSE),TODAY(),"Y") -> 21 | C15: =DATEDIF(VLOOKUP(C14,$P$18:$Q$100,2,FALSE),TODAY(),"Y") -> 21 | D15: =DATEDIF(VLOOKUP(D14,$P$18:$Q$100,2,FALSE),TODAY(),"Y") -> 20 | E15: =DATEDIF(VLOOKUP(E14,$P$18:$Q$100,2,FALSE),TODAY(),"Y") -> 20 | F15: =DATEDIF(VLOOKUP(F14,$P$18:$Q$100,2,FALSE),TODAY(),"Y") -> 21 | G15: =DATEDIF(VLOOKUP(G14,$P$18:$Q$100,2,FALSE),TODAY(),"Y") -> 20 | H15: =DATEDIF(VLOOKUP(H14,$P$18:$Q$100,2,FALSE),TODAY(),"Y") -> 20 | I15: =DATEDIF(VLOOKUP(I14,$P$18:$Q$100,2,FALSE),TODAY(),"Y") -> 22 | ... L15: =DATEDIF(VLOOKUP(L14,$P$18:$Q$100,2,FALSE),TODAY(),"Y") -> 20 | N15: =AVERAGE(B15:M15) -> 20.363636
A17: Weiz | B17: Jurak | C17: Midzic | D17: Kebe | E17: Balde | F17: Zirngast | G17: Lebersorger | H17: Tchicamboud | I17: Kane | J17: Dianko | K17: Perovic | L17: Haider
B18: =DATEDIF(VLOOKUP(B17,$P$18:$Q$100,2,FALSE),TODAY(),"Y") -> 21 | C18: =DATEDIF(VLOOKUP(C17,$P$18:$Q$100,2,FALSE),TODAY(),"Y") -> 21 | D18: =DATEDIF(VLOOKUP(D17,$P$18:$Q$100,2,FALSE),TODAY(),"Y") -> 20 | E18: =DATEDIF(VLOOKUP(E17,$P$18:$Q$100,2,FALSE),TODAY(),"Y") -> 20 | F18: =DATEDIF(VLOOKUP(F17,$P$18:$Q$100,2,FALSE),TODAY(),"Y") -> 24 | G18: =DATEDIF(VLOOKUP(G17,$P$18:$Q$100,2,FALSE),TODAY(),"Y") -> 20 | H18: =DATEDIF(VLOOKUP(H17,$P$18:$Q$100,2,FALSE),TODAY(),"Y") -> 20 | I18: =DATEDIF(VLOOKUP(I17,$P$18:$Q$100,2,FALSE),TODAY(),"Y") -> 20 | ... L18: =DATEDIF(VLOOKUP(L17,$P$18:$Q$100,2,FALSE),TODAY(),"Y") -> 20 | N18: =AVERAGE(B18:M18) -> 20.454545
P19: Jurak | Q19: 38475 | T19: 36
A20: DSC | B20: Jurak | C20: Midzic | D20: Kebe | E20: Balde | F20: Zirngast | G20: Sanogo | H20: Tchicamboud | I20: Kane | J20: Dianko | K20: Perovic | L20: Ilk | P20: Midzic | Q20: 38417
B21: =DATEDIF(VLOOKUP(B20,$P$18:$Q$100,2,FALSE),TODAY(),"Y") -> 21 | C21: =DATEDIF(VLOOKUP(C20,$P$18:$Q$100,2,FALSE),TODAY(),"Y") -> 21 | D21: =DATEDIF(VLOOKUP(D20,$P$18:$Q$100,2,FALSE),TODAY(),"Y") -> 20 | E21: =DATEDIF(VLOOKUP(E20,$P$18:$Q$100,2,FALSE),TODAY(),"Y") -> 20 | F21: =DATEDIF(VLOOKUP(F20,$P$18:$Q$100,2,FALSE),TODAY(),"Y") -> 24 | G21: =DATEDIF(VLOOKUP(G20,$P$18:$Q$100,2,FALSE),TODAY(),"Y") -> 22 | H21: =DATEDIF(VLOOKUP(H20,$P$18:$Q$100,2,FALSE),TODAY(),"Y") -> 20 | I21: =DATEDIF(VLOOKUP(I20,$P$18:$Q$100,2,FALSE),TODAY(),"Y") -> 20 | ... L21: =DATEDIF(VLOOKUP(L20,$P$18:$Q$100,2,FALSE),TODAY(),"Y") -> 19 | N21: =AVERAGE(B21:M21) -> 20.545455 | P21: Kebe | Q21: 38682
P22: Balde | Q22: 38548
A23: Gleisdorf | B23: Jurak | C23: Midzic | D23: Kebe | E23: Balde | F23: Zirngast | G23: Lebersorger | H23: Tchicamboud | I23: Augustus | J23: Dianko | K23: Perovic | L23: Haider | P23: Brkic | Q23: 38727
B24: =DATEDIF(VLOOKUP(B23,$P$18:$Q$100,2,FALSE),TODAY(),"Y") -> 21 | C24: =DATEDIF(VLOOKUP(C23,$P$18:$Q$100,2,FALSE),TODAY(),"Y") -> 21 | D24: =DATEDIF(VLOOKUP(D23,$P$18:$Q$100,2,FALSE),TODAY(),"Y") -> 20 | E24: =DATEDIF(VLOOKUP(E23,$P$18:$Q$100,2,FALSE),TODAY(),"Y") -> 20 | F24: =DATEDIF(VLOOKUP(F23,$P$18:$Q$100,2,FALSE),TODAY(),"Y") -> 24 | G24: =DATEDIF(VLOOKUP(G23,$P$18:$Q$100,2,FALSE),TODAY(),"Y") -> 20 | H24: =DATEDIF(VLOOKUP(H23,$P$18:$Q$100,2,FALSE),TODAY(),"Y") -> 20 | I24: =DATEDIF(VLOOKUP(I23,$P$18:$Q$100,2,FALSE),TODAY(),"Y") -> 21 | ... L24: =DATEDIF(VLOOKUP(L23,$P$18:$Q$100,2,FALSE),TODAY(),"Y") -> 20 | N24: =AVERAGE(B24:M24) -> 20.545455 | P24: Zirngast | Q24: 37276
P25: Tchicamboud | Q25: 38694
A26: Lafnitz | B26: Jurak | C26: Midzic | D26: Kebe | E26: Balde | F26: Zirngast | G26: Lebersorger | H26: Tchicamboud | I26: Augustus | J26: Sanogo | K26: Perovic | L26: Haider | P26: Kane | Q26: 38819
B27: =DATEDIF(VLOOKUP(B26,$P$18:$Q$100,2,FALSE),TODAY(),"Y") -> 21 | C27: =DATEDIF(VLOOKUP(C26,$P$18:$Q$100,2,FALSE),TODAY(),"Y") -> 21 | D27: =DATEDIF(VLOOKUP(D26,$P$18:$Q$100,2,FALSE),TODAY(),"Y") -> 20 | E27: =DATEDIF(VLOOKUP(E26,$P$18:$Q$100,2,FALSE),TODAY(),"Y") -> 20 | F27: =DATEDIF(VLOOKUP(F26,$P$18:$Q$100,2,FALSE),TODAY(),"Y") -> 24 | G27: =DATEDIF(VLOOKUP(G26,$P$18:$Q$100,2,FALSE),TODAY(),"Y") -> 20 | H27: =DATEDIF(VLOOKUP(H26,$P$18:$Q$100,2,FALSE),TODAY(),"Y") -> 20 | I27: =DATEDIF(VLOOKUP(I26,$P$18:$Q$100,2,FALSE),TODAY(),"Y") -> 21 | ... L27: =DATEDIF(VLOOKUP(L26,$P$18:$Q$100,2,FALSE),TODAY(),"Y") -> 20 | N27: =AVERAGE(B27:M27) -> 20.727273 | P27: Augustus | Q27: 38475
P28: Perovic | Q28: 38916
A29: Kalsdorf | B29: Jurak | C29: Midzic | D29: Kebe | E29: Balde | F29: Zirngast | G29: Lebersorger | H29: Tchicamboud | I29: Augustus | J29: Sanogo | K29: Perovic | L29: Haider | P29: Haider | Q29: 38600
B30: =DATEDIF(VLOOKUP(B29,$P$18:$Q$100,2,FALSE),TODAY(),"Y") -> 21 | C30: =DATEDIF(VLOOKUP(C29,$P$18:$Q$100,2,FALSE),TODAY(),"Y") -> 21 | D30: =DATEDIF(VLOOKUP(D29,$P$18:$Q$100,2,FALSE),TODAY(),"Y") -> 20 | E30: =DATEDIF(VLOOKUP(E29,$P$18:$Q$100,2,FALSE),TODAY(),"Y") -> 20 | F30: =DATEDIF(VLOOKUP(F29,$P$18:$Q$100,2,FALSE),TODAY(),"Y") -> 24 | G30: =DATEDIF(VLOOKUP(G29,$P$18:$Q$100,2,FALSE),TODAY(),"Y") -> 20 | H30: =DATEDIF(VLOOKUP(H29,$P$18:$Q$100,2,FALSE),TODAY(),"Y") -> 20 | I30: =DATEDIF(VLOOKUP(I29,$P$18:$Q$100,2,FALSE),TODAY(),"Y") -> 21 | ... L30: =DATEDIF(VLOOKUP(L29,$P$18:$Q$100,2,FALSE),TODAY(),"Y") -> 20 | N30: =AVERAGE(B30:M30) -> 20.727273 | P30: Frimpong | Q30: 38335
P31: Sanogo | Q31: 37927
A32: Dietach | B32: Jurak | C32: Midzic | D32: Kebe | E32: Balde | F32: Zirngast | G32: Lebersorger | H32: Tchicamboud | I32: Augustus | J32: Dianko | K32: Perovic | L32: Haider | P32: Lebersorger | Q32: 38512
B33: =DATEDIF(VLOOKUP(B32,$P$18:$Q$100,2,FALSE),TODAY(),"Y") -> 21 | C33: =DATEDIF(VLOOKUP(C32,$P$18:$Q$100,2,FALSE),TODAY(),"Y") -> 21 | D33: =DATEDIF(VLOOKUP(D32,$P$18:$Q$100,2,FALSE),TODAY(),"Y") -> 20 | E33: =DATEDIF(VLOOKUP(E32,$P$18:$Q$100,2,FALSE),TODAY(),"Y") -> 20 | F33: =DATEDIF(VLOOKUP(F32,$P$18:$Q$100,2,FALSE),TODAY(),"Y") -> 24 | G33: =DATEDIF(VLOOKUP(G32,$P$18:$Q$100,2,FALSE),TODAY(),"Y") -> 20 | H33: =DATEDIF(VLOOKUP(H32,$P$18:$Q$100,2,FALSE),TODAY(),"Y") -> 20 | I33: =DATEDIF(VLOOKUP(I32,$P$18:$Q$100,2,FALSE),TODAY(),"Y") -> 21 | ... L33: =DATEDIF(VLOOKUP(L32,$P$18:$Q$100,2,FALSE),TODAY(),"Y") -> 20 | N33: =AVERAGE(B33:M33) -> 20.545455 | P33: Dianko | Q33: 38513
P34: Fall | Q34: 38448
A35: WAC | B35: Jurak | C35: Midzic | D35: Ilk | E35: Balde | F35: Zirngast | G35: Lebersorger | H35: Tchicamboud | I35: Augustus | J35: Diallo | K35: Perovic | L35: Kane | P35: Bauer | Q35: 39162
B36: =DATEDIF(VLOOKUP(B35,$P$18:$Q$100,2,FALSE),TODAY(),"Y") -> 21 | C36: =DATEDIF(VLOOKUP(C35,$P$18:$Q$100,2,FALSE),TODAY(),"Y") -> 21 | D36: =DATEDIF(VLOOKUP(D35,$P$18:$Q$100,2,FALSE),TODAY(),"Y") -> 19 | E36: =DATEDIF(VLOOKUP(E35,$P$18:$Q$100,2,FALSE),TODAY(),"Y") -> 20 | F36: =DATEDIF(VLOOKUP(F35,$P$18:$Q$100,2,FALSE),TODAY(),"Y") -> 24 | G36: =DATEDIF(VLOOKUP(G35,$P$18:$Q$100,2,FALSE),TODAY(),"Y") -> 20 | H36: =DATEDIF(VLOOKUP(H35,$P$18:$Q$100,2,FALSE),TODAY(),"Y") -> 20 | I36: =DATEDIF(VLOOKUP(I35,$P$18:$Q$100,2,FALSE),TODAY(),"Y") -> 21 | ... L36: =DATEDIF(VLOOKUP(L35,$P$18:$Q$100,2,FALSE),TODAY(),"Y") -> 20 | N36: =AVERAGE(B36:M36) -> 20.545455 | P36: Asgersson | Q36: 39597
P37: Ilk | Q37: 39178
A38: Voitsberg | B38: Schillinger | C38: Midzic | D38: Kebe | E38: Balde | F38: Zirngast | G38: Lebersorger | H38: Tchicamboud | I38: Mohammad | J38: Haider | K38: Perovic | L38: Kane | P38: Diallo | Q38: 38410
B39: =DATEDIF(VLOOKUP(B38,$P$18:$Q$100,2,FALSE),TODAY(),"Y") -> 18 | C39: =DATEDIF(VLOOKUP(C38,$P$18:$Q$100,2,FALSE),TODAY(),"Y") -> 21 | D39: =DATEDIF(VLOOKUP(D38,$P$18:$Q$100,2,FALSE),TODAY(),"Y") -> 20 | E39: =DATEDIF(VLOOKUP(E38,$P$18:$Q$100,2,FALSE),TODAY(),"Y") -> 20 | F39: =DATEDIF(VLOOKUP(F38,$P$18:$Q$100,2,FALSE),TODAY(),"Y") -> 24 | G39: =DATEDIF(VLOOKUP(G38,$P$18:$Q$100,2,FALSE),TODAY(),"Y") -> 20 | H39: =DATEDIF(VLOOKUP(H38,$P$18:$Q$100,2,FALSE),TODAY(),"Y") -> 20 | I39: =DATEDIF(VLOOKUP(I38,$P$18:$Q$100,2,FALSE),TODAY(),"Y") -> 21 | ... L39: =DATEDIF(VLOOKUP(L38,$P$18:$Q$100,2,FALSE),TODAY(),"Y") -> 20 | N39: =AVERAGE(B39:M39) -> 20.272727 | P39: Schillinger | Q39: 39226
P40: Mohammad | Q40: 38395
A41: St. Anna | B41: Jurak | C41: Kone | D41: Ilk | E41: Balde | F41: Zirngast | G41: Lebersorger | H41: Tchicamboud | I41: Mohammad | J41: Haider | K41: Perovic | L41: Kane | P41: Kone | Q41: 38718
B42: =DATEDIF(VLOOKUP(B41,$P$18:$Q$100,2,FALSE),TODAY(),"Y") -> 21 | C42: =DATEDIF(VLOOKUP(C41,$P$18:$Q$100,2,FALSE),TODAY(),"Y") -> 20 | D42: =DATEDIF(VLOOKUP(D41,$P$18:$Q$100,2,FALSE),TODAY(),"Y") -> 19 | E42: =DATEDIF(VLOOKUP(E41,$P$18:$Q$100,2,FALSE),TODAY(),"Y") -> 20 | F42: =DATEDIF(VLOOKUP(F41,$P$18:$Q$100,2,FALSE),TODAY(),"Y") -> 24 | G42: =DATEDIF(VLOOKUP(G41,$P$18:$Q$100,2,FALSE),TODAY(),"Y") -> 20 | H42: =DATEDIF(VLOOKUP(H41,$P$18:$Q$100,2,FALSE),TODAY(),"Y") -> 20 | I42: =DATEDIF(VLOOKUP(I41,$P$18:$Q$100,2,FALSE),TODAY(),"Y") -> 21 | ... L42: =DATEDIF(VLOOKUP(L41,$P$18:$Q$100,2,FALSE),TODAY(),"Y") -> 20 | N42: =AVERAGE(B42:M42) -> 20.363636 | P42: Pursall | Q42: 38062
P43: Traun | Q43: 39118
A44: Treibach | B44: Jurak | C44: Kone | D44: Ilk | E44: Pursall | F44: Zirngast | G44: Lebersorger | H44: Tchicamboud | I44: Augustus | J44: Midzic | K44: Perovic | L44: Kane | P44: Diakite | Q44: 39260
B45: =DATEDIF(VLOOKUP(B44,$P$18:$Q$100,2,FALSE),TODAY(),"Y") -> 21 | C45: =DATEDIF(VLOOKUP(C44,$P$18:$Q$100,2,FALSE),TODAY(),"Y") -> 20 | D45: =DATEDIF(VLOOKUP(D44,$P$18:$Q$100,2,FALSE),TODAY(),"Y") -> 19 | E45: =DATEDIF(VLOOKUP(E44,$P$18:$Q$100,2,FALSE),TODAY(),"Y") -> 22 | F45: =DATEDIF(VLOOKUP(F44,$P$18:$Q$100,2,FALSE),TODAY(),"Y") -> 24 | G45: =DATEDIF(VLOOKUP(G44,$P$18:$Q$100,2,FALSE),TODAY(),"Y") -> 20 | H45: =DATEDIF(VLOOKUP(H44,$P$18:$Q$100,2,FALSE),TODAY(),"Y") -> 20 | I45: =DATEDIF(VLOOKUP(I44,$P$18:$Q$100,2,FALSE),TODAY(),"Y") -> 21 | ... L45: =DATEDIF(VLOOKUP(L44,$P$18:$Q$100,2,FALSE),TODAY(),"Y") -> 20 | N45: =AVERAGE(B45:M45) -> 20.636364 | P45: Krapf | Q45: 39689
P46: German | Q46: 39524
A47: JWR | B47: Jurak | C47: Kebe | D47: Ilk | E47: Mohammad | F47: Zirngast | G47: Traun | H47: Sanogo | I47: Diakite | J47: Midzic | K47: Krapf | L47: Haider | P47: Michael | Q47: 38884
B48: =DATEDIF(VLOOKUP(B47,$P$18:$Q$100,2,FALSE),TODAY(),"Y") -> 21 | C48: =DATEDIF(VLOOKUP(C47,$P$18:$Q$100,2,FALSE),TODAY(),"Y") -> 20 | D48: =DATEDIF(VLOOKUP(D47,$P$18:$Q$100,2,FALSE),TODAY(),"Y") -> 19 | E48: =DATEDIF(VLOOKUP(E47,$P$18:$Q$100,2,FALSE),TODAY(),"Y") -> 21 | F48: =DATEDIF(VLOOKUP(F47,$P$18:$Q$100,2,FALSE),TODAY(),"Y") -> 24 | G48: =DATEDIF(VLOOKUP(G47,$P$18:$Q$100,2,FALSE),TODAY(),"Y") -> 19 | H48: =DATEDIF(VLOOKUP(H47,$P$18:$Q$100,2,FALSE),TODAY(),"Y") -> 22 | I48: =DATEDIF(VLOOKUP(I47,$P$18:$Q$100,2,FALSE),TODAY(),"Y") -> 18 | ... L48: =DATEDIF(VLOOKUP(L47,$P$18:$Q$100,2,FALSE),TODAY(),"Y") -> 20 | N48: =AVERAGE(B48:M48) -> 20.181818 | P48: Wanker | Q48: 39283
P49: Coulibaly | Q49: 36885
A50: Velden | B50: Schillinger | C50: Augustus | D50: Ilk | E50: Mohammad | F50: Kone | G50: Traun | H50: Sanogo | I50: Diakite | J50: Midzic | K50: Krapf | L50: Haider | P50: Adeshina | Q50: 38323
B51: =DATEDIF(VLOOKUP(B50,$P$18:$Q$100,2,FALSE),TODAY(),"Y") -> 18 | C51: =DATEDIF(VLOOKUP(C50,$P$18:$Q$100,2,FALSE),TODAY(),"Y") -> 21 | D51: =DATEDIF(VLOOKUP(D50,$P$18:$Q$100,2,FALSE),TODAY(),"Y") -> 19 | E51: =DATEDIF(VLOOKUP(E50,$P$18:$Q$100,2,FALSE),TODAY(),"Y") -> 21 | F51: =DATEDIF(VLOOKUP(F50,$P$18:$Q$100,2,FALSE),TODAY(),"Y") -> 20 | G51: =DATEDIF(VLOOKUP(G50,$P$18:$Q$100,2,FALSE),TODAY(),"Y") -> 19 | H51: =DATEDIF(VLOOKUP(H50,$P$18:$Q$100,2,FALSE),TODAY(),"Y") -> 22 | I51: =DATEDIF(VLOOKUP(I50,$P$18:$Q$100,2,FALSE),TODAY(),"Y") -> 18 | ... L51: =DATEDIF(VLOOKUP(L50,$P$18:$Q$100,2,FALSE),TODAY(),"Y") -> 20 | N51: =AVERAGE(B51:M51) -> 19.636364 | P51: Wansch | Q51: 39845
P52: Ivkovic | Q52: 38721
A53: Oedt | B53: Schillinger | C53: Kebe | D53: Ilk | E53: Mohammad | F53: Balde | G53: Traun | H53: German | I53: Diakite | J53: Midzic | K53: Krapf | L53: Kane | P53: Wimmer | Q53: 39375
B54: =DATEDIF(VLOOKUP(B53,$P$18:$Q$100,2,FALSE),TODAY(),"Y") -> 18 | C54: =DATEDIF(VLOOKUP(C53,$P$18:$Q$100,2,FALSE),TODAY(),"Y") -> 20 | D54: =DATEDIF(VLOOKUP(D53,$P$18:$Q$100,2,FALSE),TODAY(),"Y") -> 19 | E54: =DATEDIF(VLOOKUP(E53,$P$18:$Q$100,2,FALSE),TODAY(),"Y") -> 21 | F54: =DATEDIF(VLOOKUP(F53,$P$18:$Q$100,2,FALSE),TODAY(),"Y") -> 20 | G54: =DATEDIF(VLOOKUP(G53,$P$18:$Q$100,2,FALSE),TODAY(),"Y") -> 19 | H54: =DATEDIF(VLOOKUP(H53,$P$18:$Q$100,2,FALSE),TODAY(),"Y") -> 18 | I54: =DATEDIF(VLOOKUP(I53,$P$18:$Q$100,2,FALSE),TODAY(),"Y") -> 18 | ... L54: =DATEDIF(VLOOKUP(L53,$P$18:$Q$100,2,FALSE),TODAY(),"Y") -> 20 | N54: =AVERAGE(B54:M54) -> 19.181818 | P54: Jindra | Q54: 39333
A56: Gurten | B56: Schillinger | C56: Kebe | D56: Ilk | E56: Michael | F56: Balde | G56: Fall | H56: German | I56: Haider | J56: Midzic | K56: Krapf | L56: Wanker
B57: =DATEDIF(VLOOKUP(B56,$P$18:$Q$100,2,FALSE),TODAY(),"Y") -> 18 | C57: =DATEDIF(VLOOKUP(C56,$P$18:$Q$100,2,FALSE),TODAY(),"Y") -> 20 | D57: =DATEDIF(VLOOKUP(D56,$P$18:$Q$100,2,FALSE),TODAY(),"Y") -> 19 | E57: =DATEDIF(VLOOKUP(E56,$P$18:$Q$100,2,FALSE),TODAY(),"Y") -> 19 | F57: =DATEDIF(VLOOKUP(F56,$P$18:$Q$100,2,FALSE),TODAY(),"Y") -> 20 | G57: =DATEDIF(VLOOKUP(G56,$P$18:$Q$100,2,FALSE),TODAY(),"Y") -> 21 | H57: =DATEDIF(VLOOKUP(H56,$P$18:$Q$100,2,FALSE),TODAY(),"Y") -> 18 | I57: =DATEDIF(VLOOKUP(I56,$P$18:$Q$100,2,FALSE),TODAY(),"Y") -> 20 | ... L57: =DATEDIF(VLOOKUP(L56,$P$18:$Q$100,2,FALSE),TODAY(),"Y") -> 18 | N57: =AVERAGE(B57:M57) -> 19.181818
A59: Wallern | B59: Schillinger | C59: Kebe | D59: Augustus | E59: Michael | F59: Traun | G59: Fall | H59: Coulibaly | I59: Haider | J59: Midzic | K59: Adeshina | L59: Wanker
B60: =DATEDIF(VLOOKUP(B59,$P$18:$Q$100,2,FALSE),TODAY(),"Y") -> 18 | C60: =DATEDIF(VLOOKUP(C59,$P$18:$Q$100,2,FALSE),TODAY(),"Y") -> 20 | D60: =DATEDIF(VLOOKUP(D59,$P$18:$Q$100,2,FALSE),TODAY(),"Y") -> 21 | E60: =DATEDIF(VLOOKUP(E59,$P$18:$Q$100,2,FALSE),TODAY(),"Y") -> 19 | F60: =DATEDIF(VLOOKUP(F59,$P$18:$Q$100,2,FALSE),TODAY(),"Y") -> 19 | G60: =DATEDIF(VLOOKUP(G59,$P$18:$Q$100,2,FALSE),TODAY(),"Y") -> 21 | H60: =DATEDIF(VLOOKUP(H59,$P$18:$Q$100,2,FALSE),TODAY(),"Y") -> 25 | I60: =DATEDIF(VLOOKUP(I59,$P$18:$Q$100,2,FALSE),TODAY(),"Y") -> 20 | ... L60: =DATEDIF(VLOOKUP(L59,$P$18:$Q$100,2,FALSE),TODAY(),"Y") -> 18 | N60: =AVERAGE(B60:M60) -> 20.272727
A62: Weiz | B62: Jurak | C62: Bauer | D62: Mohammad | E62: Augustus | F62: Zirngast | G62: Ilk | H62: Sanogo | I62: German | J62: Fall | K62: Kane | L62: Wanker
B63: =DATEDIF(VLOOKUP(B62,$P$18:$Q$100,2,FALSE),TODAY(),"Y") -> 21 | C63: =DATEDIF(VLOOKUP(C62,$P$18:$Q$100,2,FALSE),TODAY(),"Y") -> 19 | D63: =DATEDIF(VLOOKUP(D62,$P$18:$Q$100,2,FALSE),TODAY(),"Y") -> 21 | E63: =DATEDIF(VLOOKUP(E62,$P$18:$Q$100,2,FALSE),TODAY(),"Y") -> 21 | F63: =DATEDIF(VLOOKUP(F62,$P$18:$Q$100,2,FALSE),TODAY(),"Y") -> 24 | G63: =DATEDIF(VLOOKUP(G62,$P$18:$Q$100,2,FALSE),TODAY(),"Y") -> 19 | H63: =DATEDIF(VLOOKUP(H62,$P$18:$Q$100,2,FALSE),TODAY(),"Y") -> 22 | I63: =DATEDIF(VLOOKUP(I62,$P$18:$Q$100,2,FALSE),TODAY(),"Y") -> 18 | ... L63: =DATEDIF(VLOOKUP(L62,$P$18:$Q$100,2,FALSE),TODAY(),"Y") -> 18 | N63: =AVERAGE(B63:M63) -> 20.363636
A65: DSC | B65: Schillinger | C65: Bauer | D65: Midzic | E65: Augustus | F65: Zirngast | G65: Ilk | H65: Balde | I65: German | J65: Fall | K65: Krapf | L65: Traun
B66: =DATEDIF(VLOOKUP(B65,$P$18:$Q$100,2,FALSE),TODAY(),"Y") -> 18 | C66: =DATEDIF(VLOOKUP(C65,$P$18:$Q$100,2,FALSE),TODAY(),"Y") -> 19 | D66: =DATEDIF(VLOOKUP(D65,$P$18:$Q$100,2,FALSE),TODAY(),"Y") -> 21 | E66: =DATEDIF(VLOOKUP(E65,$P$18:$Q$100,2,FALSE),TODAY(),"Y") -> 21 | F66: =DATEDIF(VLOOKUP(F65,$P$18:$Q$100,2,FALSE),TODAY(),"Y") -> 24 | G66: =DATEDIF(VLOOKUP(G65,$P$18:$Q$100,2,FALSE),TODAY(),"Y") -> 19 | H66: =DATEDIF(VLOOKUP(H65,$P$18:$Q$100,2,FALSE),TODAY(),"Y") -> 20 | I66: =DATEDIF(VLOOKUP(I65,$P$18:$Q$100,2,FALSE),TODAY(),"Y") -> 18 | ... L66: =DATEDIF(VLOOKUP(L65,$P$18:$Q$100,2,FALSE),TODAY(),"Y") -> 19 | N66: =AVERAGE(B66:M66) -> 19.727273
A68: Gleisdorf | B68: Jurak | C68: Michael | D68: Midzic | E68: Augustus | F68: Zirngast | G68: Ilk | H68: Balde | I68: German | J68: Wansch | K68: Kane | L68: Wanker
B69: =DATEDIF(VLOOKUP(B68,$P$18:$Q$100,2,FALSE),TODAY(),"Y") -> 21 | C69: =DATEDIF(VLOOKUP(C68,$P$18:$Q$100,2,FALSE),TODAY(),"Y") -> 19 | D69: =DATEDIF(VLOOKUP(D68,$P$18:$Q$100,2,FALSE),TODAY(),"Y") -> 21 | E69: =DATEDIF(VLOOKUP(E68,$P$18:$Q$100,2,FALSE),TODAY(),"Y") -> 21 | F69: =DATEDIF(VLOOKUP(F68,$P$18:$Q$100,2,FALSE),TODAY(),"Y") -> 24 | G69: =DATEDIF(VLOOKUP(G68,$P$18:$Q$100,2,FALSE),TODAY(),"Y") -> 19 | H69: =DATEDIF(VLOOKUP(H68,$P$18:$Q$100,2,FALSE),TODAY(),"Y") -> 20 | I69: =DATEDIF(VLOOKUP(I68,$P$18:$Q$100,2,FALSE),TODAY(),"Y") -> 18 | ... L69: =DATEDIF(VLOOKUP(L68,$P$18:$Q$100,2,FALSE),TODAY(),"Y") -> 18 | N69: =AVERAGE(B69:M69) -> 19.818182
A71: Lafnitz | B71: Schillinger | C71: Bauer | D71: Midzic | E71: Augustus | F71: Zirngast | G71: Traun | H71: Ivkovic | I71: German | J71: Wansch | K71: Krapf | L71: Wanker
B72: =DATEDIF(VLOOKUP(B71,$P$18:$Q$100,2,FALSE),TODAY(),"Y") -> 18 | C72: =DATEDIF(VLOOKUP(C71,$P$18:$Q$100,2,FALSE),TODAY(),"Y") -> 19 | D72: =DATEDIF(VLOOKUP(D71,$P$18:$Q$100,2,FALSE),TODAY(),"Y") -> 21 | E72: =DATEDIF(VLOOKUP(E71,$P$18:$Q$100,2,FALSE),TODAY(),"Y") -> 21 | F72: =DATEDIF(VLOOKUP(F71,$P$18:$Q$100,2,FALSE),TODAY(),"Y") -> 24 | G72: =DATEDIF(VLOOKUP(G71,$P$18:$Q$100,2,FALSE),TODAY(),"Y") -> 19 | H72: =DATEDIF(VLOOKUP(H71,$P$18:$Q$100,2,FALSE),TODAY(),"Y") -> 20 | I72: =DATEDIF(VLOOKUP(I71,$P$18:$Q$100,2,FALSE),TODAY(),"Y") -> 18 | ... L72: =DATEDIF(VLOOKUP(L71,$P$18:$Q$100,2,FALSE),TODAY(),"Y") -> 18 | N72: =AVERAGE(B72:M72) -> 19.272727
A74: Kalsdorf | B74: Jurak | C74: Midzic | D74: Traun | E74: Wimmer | F74: Zirngast | G74: Ilk | H74: German | I74: Ivkovic | J74: Jindra | K74: Fall | L74: Wanker
B75: =DATEDIF(VLOOKUP(B74,$P$18:$Q$100,2,FALSE),TODAY(),"Y") -> 21 | C75: =DATEDIF(VLOOKUP(C74,$P$18:$Q$100,2,FALSE),TODAY(),"Y") -> 21 | D75: =DATEDIF(VLOOKUP(D74,$P$18:$Q$100,2,FALSE),TODAY(),"Y") -> 19 | E75: =DATEDIF(VLOOKUP(E74,$P$18:$Q$100,2,FALSE),TODAY(),"Y") -> 18 | F75: =DATEDIF(VLOOKUP(F74,$P$18:$Q$100,2,FALSE),TODAY(),"Y") -> 24 | G75: =DATEDIF(VLOOKUP(G74,$P$18:$Q$100,2,FALSE),TODAY(),"Y") -> 19 | H75: =DATEDIF(VLOOKUP(H74,$P$18:$Q$100,2,FALSE),TODAY(),"Y") -> 18 | I75: =DATEDIF(VLOOKUP(I74,$P$18:$Q$100,2,FALSE),TODAY(),"Y") -> 20 | ... L75: =DATEDIF(VLOOKUP(L74,$P$18:$Q$100,2,FALSE),TODAY(),"Y") -> 18 | N75: =AVERAGE(B75:M75) -> 19.727273
A77: Dietach | B77: Schillinger | C77: Mohammad | D77: Traun | E77: Wimmer | F77: Zirngast | G77: Wansch | H77: German | I77: Ivkovic | J77: Jindra | K77: Fall | L77: Krapf
B78: =DATEDIF(VLOOKUP(B77,$P$18:$Q$100,2,FALSE),TODAY(),"Y") -> 18 | C78: =DATEDIF(VLOOKUP(C77,$P$18:$Q$100,2,FALSE),TODAY(),"Y") -> 21 | D78: =DATEDIF(VLOOKUP(D77,$P$18:$Q$100,2,FALSE),TODAY(),"Y") -> 19 | E78: =DATEDIF(VLOOKUP(E77,$P$18:$Q$100,2,FALSE),TODAY(),"Y") -> 18 | F78: =DATEDIF(VLOOKUP(F77,$P$18:$Q$100,2,FALSE),TODAY(),"Y") -> 24 | G78: =DATEDIF(VLOOKUP(G77,$P$18:$Q$100,2,FALSE),TODAY(),"Y") -> 17 | H78: =DATEDIF(VLOOKUP(H77,$P$18:$Q$100,2,FALSE),TODAY(),"Y") -> 18 | I78: =DATEDIF(VLOOKUP(I77,$P$18:$Q$100,2,FALSE),TODAY(),"Y") -> 20 | ... L78: =DATEDIF(VLOOKUP(L77,$P$18:$Q$100,2,FALSE),TODAY(),"Y") -> 17 | N78: =AVERAGE(B78:M78) -> 19.181818
A80: WAC | B80: Schillinger | C80: Mohammad | D80: Traun | E80: Wimmer | F80: Zirngast | G80: Ilk | H80: German | I80: Ivkovic | J80: Fall | K80: Krapf | L80: Midzic
B81: =DATEDIF(VLOOKUP(B80,$P$18:$Q$100,2,FALSE),TODAY(),"Y") -> 18 | C81: =DATEDIF(VLOOKUP(C80,$P$18:$Q$100,2,FALSE),TODAY(),"Y") -> 21 | D81: =DATEDIF(VLOOKUP(D80,$P$18:$Q$100,2,FALSE),TODAY(),"Y") -> 19 | E81: =DATEDIF(VLOOKUP(E80,$P$18:$Q$100,2,FALSE),TODAY(),"Y") -> 18 | F81: =DATEDIF(VLOOKUP(F80,$P$18:$Q$100,2,FALSE),TODAY(),"Y") -> 24 | G81: =DATEDIF(VLOOKUP(G80,$P$18:$Q$100,2,FALSE),TODAY(),"Y") -> 19 | H81: =DATEDIF(VLOOKUP(H80,$P$18:$Q$100,2,FALSE),TODAY(),"Y") -> 18 | I81: =DATEDIF(VLOOKUP(I80,$P$18:$Q$100,2,FALSE),TODAY(),"Y") -> 20 | ... L81: =DATEDIF(VLOOKUP(L80,$P$18:$Q$100,2,FALSE),TODAY(),"Y") -> 21 | N81: =AVERAGE(B81:M81) -> 19.636364

Sheet Altach Juniors
N1: =AVERAGE(N2:N99) -> 19.690909
A2: Lustenau | B2: Piffer | C2: Müller | D2: De Man | E2: Abdiji | F2: Gruber | G2: Vonbrül | H2: Muslioski | I2: Krstovic | J2: Madritsch | K2: Mahic | L2: Sismanlar
B3: =DATEDIF(VLOOKUP(B2,$P$18:$Q$100,2,FALSE),TODAY(),"Y") -> 20 | C3: =DATEDIF(VLOOKUP(C2,$P$18:$Q$100,2,FALSE),TODAY(),"Y") -> 17 | D3: =DATEDIF(VLOOKUP(D2,$P$18:$Q$100,2,FALSE),TODAY(),"Y") -> 19 | E3: =DATEDIF(VLOOKUP(E2,$P$18:$Q$100,2,FALSE),TODAY(),"Y") -> 19 | F3: =DATEDIF(VLOOKUP(F2,$P$18:$Q$100,2,FALSE),TODAY(),"Y") -> 19 | G3: =DATEDIF(VLOOKUP(G2,$P$18:$Q$100,2,FALSE),TODAY(),"Y") -> 18 | H3: =DATEDIF(VLOOKUP(H2,$P$18:$Q$100,2,FALSE),TODAY(),"Y") -> 23 | I3: =DATEDIF(VLOOKUP(I2,$P$18:$Q$100,2,FALSE),TODAY(),"Y") -> 17 | ... L3: =DATEDIF(VLOOKUP(L2,$P$18:$Q$100,2,FALSE),TODAY(),"Y") -> 22 | N3: =AVERAGE(B3:M3) -> 19.181818
A5: Lauterach | B5: Piffer | C5: Müller | D5: Milojevic | E5: Abdiji | F5: Gruber | G5: Vonbrül | H5: Fetahu | I5: Krstovic | J5: Madritsch | K5: Yalcin | L5: Sismanlar
B6: =DATEDIF(VLOOKUP(B5,$P$18:$Q$100,2,FALSE),TODAY(),"Y") -> 20 | C6: =DATEDIF(VLOOKUP(C5,$P$18:$Q$100,2,FALSE),TODAY(),"Y") -> 17 | D6: =DATEDIF(VLOOKUP(D5,$P$18:$Q$100,2,FALSE),TODAY(),"Y") -> 21 | E6: =DATEDIF(VLOOKUP(E5,$P$18:$Q$100,2,FALSE),TODAY(),"Y") -> 19 | F6: =DATEDIF(VLOOKUP(F5,$P$18:$Q$100,2,FALSE),TODAY(),"Y") -> 19 | G6: =DATEDIF(VLOOKUP(G5,$P$18:$Q$100,2,FALSE),TODAY(),"Y") -> 18 | H6: =DATEDIF(VLOOKUP(H5,$P$18:$Q$100,2,FALSE),TODAY(),"Y") -> 23 | I6: =DATEDIF(VLOOKUP(I5,$P$18:$Q$100,2,FALSE),TODAY(),"Y") -> 17 | ... L6: =DATEDIF(VLOOKUP(L5,$P$18:$Q$100,2,FALSE),TODAY(),"Y") -> 22 | N6: =AVERAGE(B6:M6) -> 19.727273
A8: Bischofshofen | B8: Piffer | C8: Müller | D8: De Man | E8: Abdiji | F8: Gruber | G8: Vonbrül | H8: Oberwaditzer | I8: Krstovic | J8: Yabantas | K8: Muslioski | L8: Hanak
B9: =DATEDIF(VLOOKUP(B8,$P$18:$Q$100,2,FALSE),TODAY(),"Y") -> 20 | C9: =DATEDIF(VLOOKUP(C8,$P$18:$Q$100,2,FALSE),TODAY(),"Y") -> 17 | D9: =DATEDIF(VLOOKUP(D8,$P$18:$Q$100,2,FALSE),TODAY(),"Y") -> 19 | E9: =DATEDIF(VLOOKUP(E8,$P$18:$Q$100,2,FALSE),TODAY(),"Y") -> 19 | F9: =DATEDIF(VLOOKUP(F8,$P$18:$Q$100,2,FALSE),TODAY(),"Y") -> 19 | G9: =DATEDIF(VLOOKUP(G8,$P$18:$Q$100,2,FALSE),TODAY(),"Y") -> 18 | H9: =DATEDIF(VLOOKUP(H8,$P$18:$Q$100,2,FALSE),TODAY(),"Y") -> 20 | I9: =DATEDIF(VLOOKUP(I8,$P$18:$Q$100,2,FALSE),TODAY(),"Y") -> 17 | ... L9: =DATEDIF(VLOOKUP(L8,$P$18:$Q$100,2,FALSE),TODAY(),"Y") -> 19 | N9: =AVERAGE(B9:M9) -> 19.363636
A11: Imst | B11: Piffer | C11: Müller | D11: Sismanlar | E11: Abdiji | F11: Gruber | G11: Vonbrül | H11: Oberwaditzer | I11: Krstovic | J11: Yabantas | K11: Muslioski | L11: Madritsch
B12: =DATEDIF(VLOOKUP(B11,$P$18:$Q$100,2,FALSE),TODAY(),"Y") -> 20 | C12: =DATEDIF(VLOOKUP(C11,$P$18:$Q$100,2,FALSE),TODAY(),"Y") -> 17 | D12: =DATEDIF(VLOOKUP(D11,$P$18:$Q$100,2,FALSE),TODAY(),"Y") -> 22 | E12: =DATEDIF(VLOOKUP(E11,$P$18:$Q$100,2,FALSE),TODAY(),"Y") -> 19 | F12: =DATEDIF(VLOOKUP(F11,$P$18:$Q$100,2,FALSE),TODAY(),"Y") -> 19 | G12: =DATEDIF(VLOOKUP(G11,$P$18:$Q$100,2,FALSE),TODAY(),"Y") -> 18 | H12: =DATEDIF(VLOOKUP(H11,$P$18:$Q$100,2,FALSE),TODAY(),"Y") -> 20 | I12: =DATEDIF(VLOOKUP(I11,$P$18:$Q$100,2,FALSE),TODAY(),"Y") -> 17 | ... L12: =DATEDIF(VLOOKUP(L11,$P$18:$Q$100,2,FALSE),TODAY(),"Y") -> 20 | N12: =AVERAGE(B12:M12) -> 19.727273
A14: Schwaz | B14: Ender | C14: Müller | D14: Sismanlar | E14: Abdiji | F14: Gruber | G14: De Man | H14: Oberwaditzer | I14: Kuster | J14: Yabantas | K14: Muslioski | L14: Hanak
B15: =DATEDIF(VLOOKUP(B14,$P$18:$Q$100,2,FALSE),TODAY(),"Y") -> 20 | C15: =DATEDIF(VLOOKUP(C14,$P$18:$Q$100,2,FALSE),TODAY(),"Y") -> 17 | D15: =DATEDIF(VLOOKUP(D14,$P$18:$Q$100,2,FALSE),TODAY(),"Y") -> 22 | E15: =DATEDIF(VLOOKUP(E14,$P$18:$Q$100,2,FALSE),TODAY(),"Y") -> 19 | F15: =DATEDIF(VLOOKUP(F14,$P$18:$Q$100,2,FALSE),TODAY(),"Y") -> 19 | G15: =DATEDIF(VLOOKUP(G14,$P$18:$Q$100,2,FALSE),TODAY(),"Y") -> 19 | H15: =DATEDIF(VLOOKUP(H14,$P$18:$Q$100,2,FALSE),TODAY(),"Y") -> 20 | I15: =DATEDIF(VLOOKUP(I14,$P$18:$Q$100,2,FALSE),TODAY(),"Y") -> 18 | ... L15: =DATEDIF(VLOOKUP(L14,$P$18:$Q$100,2,FALSE),TODAY(),"Y") -> 19 | N15: =AVERAGE(B15:M15) -> 19.818182
A17: Kuchl | B17: Ender | C17: Yilmaz | D17: Sismanlar | E17: Abdiji | F17: Gruber | G17: De Man | H17: Basar | I17: Krstovic | J17: Yabantas | K17: Muslioski | L17: Vonbrül
B18: =DATEDIF(VLOOKUP(B17,$P$18:$Q$100,2,FALSE),TODAY(),"Y") -> 20 | C18: =DATEDIF(VLOOKUP(C17,$P$18:$Q$100,2,FALSE),TODAY(),"Y") -> 18 | D18: =DATEDIF(VLOOKUP(D17,$P$18:$Q$100,2,FALSE),TODAY(),"Y") -> 22 | E18: =DATEDIF(VLOOKUP(E17,$P$18:$Q$100,2,FALSE),TODAY(),"Y") -> 19 | F18: =DATEDIF(VLOOKUP(F17,$P$18:$Q$100,2,FALSE),TODAY(),"Y") -> 19 | G18: =DATEDIF(VLOOKUP(G17,$P$18:$Q$100,2,FALSE),TODAY(),"Y") -> 19 | H18: =DATEDIF(VLOOKUP(H17,$P$18:$Q$100,2,FALSE),TODAY(),"Y") -> 18 | I18: =DATEDIF(VLOOKUP(I17,$P$18:$Q$100,2,FALSE),TODAY(),"Y") -> 17 | ... L18: =DATEDIF(VLOOKUP(L17,$P$18:$Q$100,2,FALSE),TODAY(),"Y") -> 18 | N18: =AVERAGE(B18:M18) -> 19.545455 | P18: Piffer | Q18: 38815 | T18: 33
P19: De Man | Q19: 39135
A20: Hohenems | B20: Ender | C20: Müller | D20: Milojevic | E20: Abdiji | F20: Gruber | G20: Madritsch | H20: Kronberger | I20: Krstovic | J20: Yabantas | K20: Muslioski | L20: Fetahu | P20: Müller | Q20: 39895
B21: =DATEDIF(VLOOKUP(B20,$P$18:$Q$100,2,FALSE),TODAY(),"Y") -> 20 | C21: =DATEDIF(VLOOKUP(C20,$P$18:$Q$100,2,FALSE),TODAY(),"Y") -> 17 | D21: =DATEDIF(VLOOKUP(D20,$P$18:$Q$100,2,FALSE),TODAY(),"Y") -> 21 | E21: =DATEDIF(VLOOKUP(E20,$P$18:$Q$100,2,FALSE),TODAY(),"Y") -> 19 | F21: =DATEDIF(VLOOKUP(F20,$P$18:$Q$100,2,FALSE),TODAY(),"Y") -> 19 | G21: =DATEDIF(VLOOKUP(G20,$P$18:$Q$100,2,FALSE),TODAY(),"Y") -> 20 | H21: =DATEDIF(VLOOKUP(H20,$P$18:$Q$100,2,FALSE),TODAY(),"Y") -> 24 | I21: =DATEDIF(VLOOKUP(I20,$P$18:$Q$100,2,FALSE),TODAY(),"Y") -> 17 | ... L21: =DATEDIF(VLOOKUP(L20,$P$18:$Q$100,2,FALSE),TODAY(),"Y") -> 23 | N21: =AVERAGE(B21:M21) -> 20.454545 | P21: Abdiji | Q21: 38965
P22: Gruber | Q22: 39123
A23: Kufstein | B23: Ender | C23: Müller | D23: Yilmaz | E23: Abdiji | F23: Gruber | G23: Madritsch | H23: Kronberger | I23: Krstovic | J23: De Man | K23: Muslioski | L23: Hanak | P23: Krstovic | Q23: 39689
B24: =DATEDIF(VLOOKUP(B23,$P$18:$Q$100,2,FALSE),TODAY(),"Y") -> 20 | C24: =DATEDIF(VLOOKUP(C23,$P$18:$Q$100,2,FALSE),TODAY(),"Y") -> 17 | D24: =DATEDIF(VLOOKUP(D23,$P$18:$Q$100,2,FALSE),TODAY(),"Y") -> 18 | E24: =DATEDIF(VLOOKUP(E23,$P$18:$Q$100,2,FALSE),TODAY(),"Y") -> 19 | F24: =DATEDIF(VLOOKUP(F23,$P$18:$Q$100,2,FALSE),TODAY(),"Y") -> 19 | G24: =DATEDIF(VLOOKUP(G23,$P$18:$Q$100,2,FALSE),TODAY(),"Y") -> 20 | H24: =DATEDIF(VLOOKUP(H23,$P$18:$Q$100,2,FALSE),TODAY(),"Y") -> 24 | I24: =DATEDIF(VLOOKUP(I23,$P$18:$Q$100,2,FALSE),TODAY(),"Y") -> 17 | ... L24: =DATEDIF(VLOOKUP(L23,$P$18:$Q$100,2,FALSE),TODAY(),"Y") -> 19 | N24: =AVERAGE(B24:M24) -> 19.545455 | P24: Vonbrül | Q24: 39460
P25: Muslioski | Q25: 37739
A26: St. Johann | B26: Ender | C26: Müller | D26: Yabantas | E26: Abdiji | F26: Gruber | G26: Kuster | H26: Sismanlar | I26: Krstovic | J26: De Man | K26: Muslioski | L26: Hanak | P26: Mahic | Q26: 39654
B27: =DATEDIF(VLOOKUP(B26,$P$18:$Q$100,2,FALSE),TODAY(),"Y") -> 20 | C27: =DATEDIF(VLOOKUP(C26,$P$18:$Q$100,2,FALSE),TODAY(),"Y") -> 17 | D27: =DATEDIF(VLOOKUP(D26,$P$18:$Q$100,2,FALSE),TODAY(),"Y") -> 22 | E27: =DATEDIF(VLOOKUP(E26,$P$18:$Q$100,2,FALSE),TODAY(),"Y") -> 19 | F27: =DATEDIF(VLOOKUP(F26,$P$18:$Q$100,2,FALSE),TODAY(),"Y") -> 19 | G27: =DATEDIF(VLOOKUP(G26,$P$18:$Q$100,2,FALSE),TODAY(),"Y") -> 18 | H27: =DATEDIF(VLOOKUP(H26,$P$18:$Q$100,2,FALSE),TODAY(),"Y") -> 22 | I27: =DATEDIF(VLOOKUP(I26,$P$18:$Q$100,2,FALSE),TODAY(),"Y") -> 17 | ... L27: =DATEDIF(VLOOKUP(L26,$P$18:$Q$100,2,FALSE),TODAY(),"Y") -> 19 | N27: =AVERAGE(B27:M27) -> 19.545455 | P27: Sismanlar | Q27: 38020
P28: Madritsch | Q28: 38566
A29: Seekirchen | B29: Petrovic | C29: Thalmann | D29: Yilmaz | E29: De Man | F29: Gruber | G29: Abdiji | H29: Hodzic | I29: Yabantas | J29: Krstovic | K29: Maretic | L29: Mahic | P29: Yalcin | Q29: 38152
B30: =DATEDIF(VLOOKUP(B29,$P$18:$Q$100,2,FALSE),TODAY(),"Y") -> 19 | C30: =DATEDIF(VLOOKUP(C29,$P$18:$Q$100,2,FALSE),TODAY(),"Y") -> 20 | D30: =DATEDIF(VLOOKUP(D29,$P$18:$Q$100,2,FALSE),TODAY(),"Y") -> 18 | E30: =DATEDIF(VLOOKUP(E29,$P$18:$Q$100,2,FALSE),TODAY(),"Y") -> 19 | F30: =DATEDIF(VLOOKUP(F29,$P$18:$Q$100,2,FALSE),TODAY(),"Y") -> 19 | G30: =DATEDIF(VLOOKUP(G29,$P$18:$Q$100,2,FALSE),TODAY(),"Y") -> 19 | H30: =DATEDIF(VLOOKUP(H29,$P$18:$Q$100,2,FALSE),TODAY(),"Y") -> 17 | I30: =DATEDIF(VLOOKUP(I29,$P$18:$Q$100,2,FALSE),TODAY(),"Y") -> 22 | ... L30: =DATEDIF(VLOOKUP(L29,$P$18:$Q$100,2,FALSE),TODAY(),"Y") -> 17 | N30: =AVERAGE(B30:M30) -> 18.636364 | P30: Milojevic | Q30: 38392
P31: Fetahu | Q31: 37447
A32: Reichenau | B32: Ender | C32: Thalmann | D32: Basar | E32: De Man | F32: Gruber | G32: Abdiji | H32: Kronberger | I32: Yabantas | J32: Krstovic | K32: Sismanlar | L32: Fetahu | P32: Oberwaditzer | Q32: 38790
B33: =DATEDIF(VLOOKUP(B32,$P$18:$Q$100,2,FALSE),TODAY(),"Y") -> 20 | C33: =DATEDIF(VLOOKUP(C32,$P$18:$Q$100,2,FALSE),TODAY(),"Y") -> 20 | D33: =DATEDIF(VLOOKUP(D32,$P$18:$Q$100,2,FALSE),TODAY(),"Y") -> 18 | E33: =DATEDIF(VLOOKUP(E32,$P$18:$Q$100,2,FALSE),TODAY(),"Y") -> 19 | F33: =DATEDIF(VLOOKUP(F32,$P$18:$Q$100,2,FALSE),TODAY(),"Y") -> 19 | G33: =DATEDIF(VLOOKUP(G32,$P$18:$Q$100,2,FALSE),TODAY(),"Y") -> 19 | H33: =DATEDIF(VLOOKUP(H32,$P$18:$Q$100,2,FALSE),TODAY(),"Y") -> 24 | I33: =DATEDIF(VLOOKUP(I32,$P$18:$Q$100,2,FALSE),TODAY(),"Y") -> 22 | ... L33: =DATEDIF(VLOOKUP(L32,$P$18:$Q$100,2,FALSE),TODAY(),"Y") -> 23 | N33: =AVERAGE(B33:M33) -> 20.272727 | P33: Yabantas | Q33: 38012
P34: Hanak | Q34: 39085
A35: Dornbirn | B35: Ender | C35: Thalmann | D35: Vonbrül | E35: Madritsch | F35: Gruber | G35: Abdiji | H35: Kronberger | I35: Müller | J35: Krstovic | K35: Sismanlar | L35: Fetahu | P35: Ender | Q35: 38728
B36: =DATEDIF(VLOOKUP(B35,$P$18:$Q$100,2,FALSE),TODAY(),"Y") -> 20 | C36: =DATEDIF(VLOOKUP(C35,$P$18:$Q$100,2,FALSE),TODAY(),"Y") -> 20 | D36: =DATEDIF(VLOOKUP(D35,$P$18:$Q$100,2,FALSE),TODAY(),"Y") -> 18 | E36: =DATEDIF(VLOOKUP(E35,$P$18:$Q$100,2,FALSE),TODAY(),"Y") -> 20 | F36: =DATEDIF(VLOOKUP(F35,$P$18:$Q$100,2,FALSE),TODAY(),"Y") -> 19 | G36: =DATEDIF(VLOOKUP(G35,$P$18:$Q$100,2,FALSE),TODAY(),"Y") -> 19 | H36: =DATEDIF(VLOOKUP(H35,$P$18:$Q$100,2,FALSE),TODAY(),"Y") -> 24 | I36: =DATEDIF(VLOOKUP(I35,$P$18:$Q$100,2,FALSE),TODAY(),"Y") -> 17 | ... L36: =DATEDIF(VLOOKUP(L35,$P$18:$Q$100,2,FALSE),TODAY(),"Y") -> 23 | N36: =AVERAGE(B36:M36) -> 19.909091 | P36: Kuster | Q36: 39538
P37: Yilmaz | Q37: 39427
A38: Saalfelden | B38: Ender | C38: De Man | D38: Vonbrül | E38: Madritsch | F38: Gruber | G38: Abdiji | H38: Kronberger | I38: Müller | J38: Kuster | K38: Sismanlar | L38: Hanak | P38: Basar | Q38: 39500
B39: =DATEDIF(VLOOKUP(B38,$P$18:$Q$100,2,FALSE),TODAY(),"Y") -> 20 | C39: =DATEDIF(VLOOKUP(C38,$P$18:$Q$100,2,FALSE),TODAY(),"Y") -> 19 | D39: =DATEDIF(VLOOKUP(D38,$P$18:$Q$100,2,FALSE),TODAY(),"Y") -> 18 | E39: =DATEDIF(VLOOKUP(E38,$P$18:$Q$100,2,FALSE),TODAY(),"Y") -> 20 | F39: =DATEDIF(VLOOKUP(F38,$P$18:$Q$100,2,FALSE),TODAY(),"Y") -> 19 | G39: =DATEDIF(VLOOKUP(G38,$P$18:$Q$100,2,FALSE),TODAY(),"Y") -> 19 | H39: =DATEDIF(VLOOKUP(H38,$P$18:$Q$100,2,FALSE),TODAY(),"Y") -> 24 | I39: =DATEDIF(VLOOKUP(I38,$P$18:$Q$100,2,FALSE),TODAY(),"Y") -> 17 | ... L39: =DATEDIF(VLOOKUP(L38,$P$18:$Q$100,2,FALSE),TODAY(),"Y") -> 19 | N39: =AVERAGE(B39:M39) -> 19.545455 | P39: Kronberger | Q39: 37302
P40: Petrovic | Q40: 38913
A41: Wals-Grünau | B41: Ender | C41: Yilmaz | D41: Vonbrül | E41: Zorlu | F41: Gruber | G41: Abdiji | H41: Krstovic | I41: Müller | J41: Kuster | K41: Sismanlar | L41: Hanak | P41: Thalmann | Q41: 38795
B42: =DATEDIF(VLOOKUP(B41,$P$18:$Q$100,2,FALSE),TODAY(),"Y") -> 20 | C42: =DATEDIF(VLOOKUP(C41,$P$18:$Q$100,2,FALSE),TODAY(),"Y") -> 18 | D42: =DATEDIF(VLOOKUP(D41,$P$18:$Q$100,2,FALSE),TODAY(),"Y") -> 18 | E42: =DATEDIF(VLOOKUP(E41,$P$18:$Q$100,2,FALSE),TODAY(),"Y") -> 22 | F42: =DATEDIF(VLOOKUP(F41,$P$18:$Q$100,2,FALSE),TODAY(),"Y") -> 19 | G42: =DATEDIF(VLOOKUP(G41,$P$18:$Q$100,2,FALSE),TODAY(),"Y") -> 19 | H42: =DATEDIF(VLOOKUP(H41,$P$18:$Q$100,2,FALSE),TODAY(),"Y") -> 17 | I42: =DATEDIF(VLOOKUP(I41,$P$18:$Q$100,2,FALSE),TODAY(),"Y") -> 17 | ... L42: =DATEDIF(VLOOKUP(L41,$P$18:$Q$100,2,FALSE),TODAY(),"Y") -> 19 | N42: =AVERAGE(B42:M42) -> 19 | P42: Hodzic | Q42: 39771
P43: Maretic | Q43: 39339
A44: Kitzbühel | B44: Ender | C44: De Man | D44: Muslioski | E44: Zorlu | F44: Gruber | G44: Abdiji | H44: Kronberger | I44: Müller | J44: Madritsch | K44: Sismanlar | L44: Hanak | P44: Zorlu | Q44: 37852
B45: =DATEDIF(VLOOKUP(B44,$P$18:$Q$100,2,FALSE),TODAY(),"Y") -> 20 | C45: =DATEDIF(VLOOKUP(C44,$P$18:$Q$100,2,FALSE),TODAY(),"Y") -> 19 | D45: =DATEDIF(VLOOKUP(D44,$P$18:$Q$100,2,FALSE),TODAY(),"Y") -> 23 | E45: =DATEDIF(VLOOKUP(E44,$P$18:$Q$100,2,FALSE),TODAY(),"Y") -> 22 | F45: =DATEDIF(VLOOKUP(F44,$P$18:$Q$100,2,FALSE),TODAY(),"Y") -> 19 | G45: =DATEDIF(VLOOKUP(G44,$P$18:$Q$100,2,FALSE),TODAY(),"Y") -> 19 | H45: =DATEDIF(VLOOKUP(H44,$P$18:$Q$100,2,FALSE),TODAY(),"Y") -> 24 | I45: =DATEDIF(VLOOKUP(I44,$P$18:$Q$100,2,FALSE),TODAY(),"Y") -> 17 | ... L45: =DATEDIF(VLOOKUP(L44,$P$18:$Q$100,2,FALSE),TODAY(),"Y") -> 19 | N45: =AVERAGE(B45:M45) -> 20.363636 | P45: de Freitas | Q45: 38724
P46: Scherf | Q46: 37752
A47: Innsbruck | B47: Ender | C47: Vonbrül | D47: Muslioski | E47: Zorlu | F47: Gruber | G47: Abdiji | H47: Kronberger | I47: Müller | J47: Madritsch | K47: Sismanlar | L47: Hanak | P47: Benjamin | Q47: 38991
B48: =DATEDIF(VLOOKUP(B47,$P$18:$Q$100,2,FALSE),TODAY(),"Y") -> 20 | C48: =DATEDIF(VLOOKUP(C47,$P$18:$Q$100,2,FALSE),TODAY(),"Y") -> 18 | D48: =DATEDIF(VLOOKUP(D47,$P$18:$Q$100,2,FALSE),TODAY(),"Y") -> 23 | E48: =DATEDIF(VLOOKUP(E47,$P$18:$Q$100,2,FALSE),TODAY(),"Y") -> 22 | F48: =DATEDIF(VLOOKUP(F47,$P$18:$Q$100,2,FALSE),TODAY(),"Y") -> 19 | G48: =DATEDIF(VLOOKUP(G47,$P$18:$Q$100,2,FALSE),TODAY(),"Y") -> 19 | H48: =DATEDIF(VLOOKUP(H47,$P$18:$Q$100,2,FALSE),TODAY(),"Y") -> 24 | I48: =DATEDIF(VLOOKUP(I47,$P$18:$Q$100,2,FALSE),TODAY(),"Y") -> 17 | ... L48: =DATEDIF(VLOOKUP(L47,$P$18:$Q$100,2,FALSE),TODAY(),"Y") -> 19 | N48: =AVERAGE(B48:M48) -> 20.272727 | P48: Antosch | Q48: 36592
P49: Halastar | Q49: 39692
A50: Lustenau | B50: Scherf | C50: Yilmaz | D50: Müller | E50: Gruber | F50: Yabantas | G50: Kronberger | H50: Krstovic | I50: de Freitas | J50: Hodzic | K50: Sismanlar | L50: Hanak | P50: Mahop | Q50: 39829
B51: =DATEDIF(VLOOKUP(B50,$P$18:$Q$100,2,FALSE),TODAY(),"Y") -> 23 | C51: =DATEDIF(VLOOKUP(C50,$P$18:$Q$100,2,FALSE),TODAY(),"Y") -> 18 | D51: =DATEDIF(VLOOKUP(D50,$P$18:$Q$100,2,FALSE),TODAY(),"Y") -> 17 | E51: =DATEDIF(VLOOKUP(E50,$P$18:$Q$100,2,FALSE),TODAY(),"Y") -> 19 | F51: =DATEDIF(VLOOKUP(F50,$P$18:$Q$100,2,FALSE),TODAY(),"Y") -> 22 | G51: =DATEDIF(VLOOKUP(G50,$P$18:$Q$100,2,FALSE),TODAY(),"Y") -> 24 | H51: =DATEDIF(VLOOKUP(H50,$P$18:$Q$100,2,FALSE),TODAY(),"Y") -> 17 | I51: =DATEDIF(VLOOKUP(I50,$P$18:$Q$100,2,FALSE),TODAY(),"Y") -> 20 | ... L51: =DATEDIF(VLOOKUP(L50,$P$18:$Q$100,2,FALSE),TODAY(),"Y") -> 19 | N51: =AVERAGE(B51:M51) -> 19.818182
A53: Lauterach | B53: Ender | C53: Yilmaz | D53: De Man | E53: Gruber | F53: Abdiji | G53: Yabantas | H53: Kronberger | I53: de Freitas | J53: Madritsch | K53: Sismanlar | L53: Hanak
B54: =DATEDIF(VLOOKUP(B53,$P$18:$Q$100,2,FALSE),TODAY(),"Y") -> 20 | C54: =DATEDIF(VLOOKUP(C53,$P$18:$Q$100,2,FALSE),TODAY(),"Y") -> 18 | D54: =DATEDIF(VLOOKUP(D53,$P$18:$Q$100,2,FALSE),TODAY(),"Y") -> 19 | E54: =DATEDIF(VLOOKUP(E53,$P$18:$Q$100,2,FALSE),TODAY(),"Y") -> 19 | F54: =DATEDIF(VLOOKUP(F53,$P$18:$Q$100,2,FALSE),TODAY(),"Y") -> 19 | G54: =DATEDIF(VLOOKUP(G53,$P$18:$Q$100,2,FALSE),TODAY(),"Y") -> 22 | H54: =DATEDIF(VLOOKUP(H53,$P$18:$Q$100,2,FALSE),TODAY(),"Y") -> 24 | I54: =DATEDIF(VLOOKUP(I53,$P$18:$Q$100,2,FALSE),TODAY(),"Y") -> 20 | ... L54: =DATEDIF(VLOOKUP(L53,$P$18:$Q$100,2,FALSE),TODAY(),"Y") -> 19 | N54: =AVERAGE(B54:M54) -> 20.181818
A56: Schwaz | B56: Scherf | C56: Basar | D56: De Man | E56: Gruber | F56: Abdiji | G56: Yabantas | H56: Krstovic | I56: de Freitas | J56: Madritsch | K56: Sismanlar | L56: Hanak
B57: =DATEDIF(VLOOKUP(B56,$P$18:$Q$100,2,FALSE),TODAY(),"Y") -> 23 | C57: =DATEDIF(VLOOKUP(C56,$P$18:$Q$100,2,FALSE),TODAY(),"Y") -> 18 | D57: =DATEDIF(VLOOKUP(D56,$P$18:$Q$100,2,FALSE),TODAY(),"Y") -> 19 | E57: =DATEDIF(VLOOKUP(E56,$P$18:$Q$100,2,FALSE),TODAY(),"Y") -> 19 | F57: =DATEDIF(VLOOKUP(F56,$P$18:$Q$100,2,FALSE),TODAY(),"Y") -> 19 | G57: =DATEDIF(VLOOKUP(G56,$P$18:$Q$100,2,FALSE),TODAY(),"Y") -> 22 | H57: =DATEDIF(VLOOKUP(H56,$P$18:$Q$100,2,FALSE),TODAY(),"Y") -> 17 | I57: =DATEDIF(VLOOKUP(I56,$P$18:$Q$100,2,FALSE),TODAY(),"Y") -> 20 | ... L57: =DATEDIF(VLOOKUP(L56,$P$18:$Q$100,2,FALSE),TODAY(),"Y") -> 19 | N57: =AVERAGE(B57:M57) -> 19.818182
A59: Kuchl | B59: Scherf | C59: Benjamin | D59: De Man | E59: Yilmaz | F59: Abdiji | G59: Yabantas | H59: Krstovic | I59: de Freitas | J59: Madritsch | K59: Sismanlar | L59: Hanak
B60: =DATEDIF(VLOOKUP(B59,$P$18:$Q$100,2,FALSE),TODAY(),"Y") -> 23 | C60: =DATEDIF(VLOOKUP(C59,$P$18:$Q$100,2,FALSE),TODAY(),"Y") -> 19 | D60: =DATEDIF(VLOOKUP(D59,$P$18:$Q$100,2,FALSE),TODAY(),"Y") -> 19 | E60: =DATEDIF(VLOOKUP(E59,$P$18:$Q$100,2,FALSE),TODAY(),"Y") -> 18 | F60: =DATEDIF(VLOOKUP(F59,$P$18:$Q$100,2,FALSE),TODAY(),"Y") -> 19 | G60: =DATEDIF(VLOOKUP(G59,$P$18:$Q$100,2,FALSE),TODAY(),"Y") -> 22 | H60: =DATEDIF(VLOOKUP(H59,$P$18:$Q$100,2,FALSE),TODAY(),"Y") -> 17 | I60: =DATEDIF(VLOOKUP(I59,$P$18:$Q$100,2,FALSE),TODAY(),"Y") -> 20 | ... L60: =DATEDIF(VLOOKUP(L59,$P$18:$Q$100,2,FALSE),TODAY(),"Y") -> 19 | N60: =AVERAGE(B60:M60) -> 19.818182
A62: Hohenems | B62: Antosch | C62: Gruber | D62: Abdiji | E62: Yabantas | F62: Madritsch | G62: Krstovic | H62: Vonbrül | I62: de Freitas | J62: Hanak | K62: Halastar | L62: Benjamin
B63: =DATEDIF(VLOOKUP(B62,$P$18:$Q$100,2,FALSE),TODAY(),"Y") -> 26 | C63: =DATEDIF(VLOOKUP(C62,$P$18:$Q$100,2,FALSE),TODAY(),"Y") -> 19 | D63: =DATEDIF(VLOOKUP(D62,$P$18:$Q$100,2,FALSE),TODAY(),"Y") -> 19 | E63: =DATEDIF(VLOOKUP(E62,$P$18:$Q$100,2,FALSE),TODAY(),"Y") -> 22 | F63: =DATEDIF(VLOOKUP(F62,$P$18:$Q$100,2,FALSE),TODAY(),"Y") -> 20 | G63: =DATEDIF(VLOOKUP(G62,$P$18:$Q$100,2,FALSE),TODAY(),"Y") -> 17 | H63: =DATEDIF(VLOOKUP(H62,$P$18:$Q$100,2,FALSE),TODAY(),"Y") -> 18 | I63: =DATEDIF(VLOOKUP(I62,$P$18:$Q$100,2,FALSE),TODAY(),"Y") -> 20 | ... L63: =DATEDIF(VLOOKUP(L62,$P$18:$Q$100,2,FALSE),TODAY(),"Y") -> 19 | N63: =AVERAGE(B63:M63) -> 19.636364
A65: Kufstein | B65: Ender | C65: Gruber | D65: Abdiji | E65: Yabantas | F65: Madritsch | G65: Krstovic | H65: Vonbrül | I65: Zorlu | J65: Hodzic | K65: Halastar | L65: Mahop
B66: =DATEDIF(VLOOKUP(B65,$P$18:$Q$100,2,FALSE),TODAY(),"Y") -> 20 | C66: =DATEDIF(VLOOKUP(C65,$P$18:$Q$100,2,FALSE),TODAY(),"Y") -> 19 | D66: =DATEDIF(VLOOKUP(D65,$P$18:$Q$100,2,FALSE),TODAY(),"Y") -> 19 | E66: =DATEDIF(VLOOKUP(E65,$P$18:$Q$100,2,FALSE),TODAY(),"Y") -> 22 | F66: =DATEDIF(VLOOKUP(F65,$P$18:$Q$100,2,FALSE),TODAY(),"Y") -> 20 | G66: =DATEDIF(VLOOKUP(G65,$P$18:$Q$100,2,FALSE),TODAY(),"Y") -> 17 | H66: =DATEDIF(VLOOKUP(H65,$P$18:$Q$100,2,FALSE),TODAY(),"Y") -> 18 | I66: =DATEDIF(VLOOKUP(I65,$P$18:$Q$100,2,FALSE),TODAY(),"Y") -> 22 | ... L66: =DATEDIF(VLOOKUP(L65,$P$18:$Q$100,2,FALSE),TODAY(),"Y") -> 17 | N66: =AVERAGE(B66:M66) -> 18.909091
A68: St. Johann | B68: Scherf | C68: de Man | D68: Gruber | E68: Abdiji | F68: Zorlu | G68: Yabantas | H68: Krstovic | I68: Vonbrül | J68: Kuster | K68: Thalmann | L68: Sismanlar
B69: =DATEDIF(VLOOKUP(B68,$P$18:$Q$100,2,FALSE),TODAY(),"Y") -> 23 | C69: =DATEDIF(VLOOKUP(C68,$P$18:$Q$100,2,FALSE),TODAY(),"Y") -> 19 | D69: =DATEDIF(VLOOKUP(D68,$P$18:$Q$100,2,FALSE),TODAY(),"Y") -> 19 | E69: =DATEDIF(VLOOKUP(E68,$P$18:$Q$100,2,FALSE),TODAY(),"Y") -> 19 | F69: =DATEDIF(VLOOKUP(F68,$P$18:$Q$100,2,FALSE),TODAY(),"Y") -> 22 | G69: =DATEDIF(VLOOKUP(G68,$P$18:$Q$100,2,FALSE),TODAY(),"Y") -> 22 | H69: =DATEDIF(VLOOKUP(H68,$P$18:$Q$100,2,FALSE),TODAY(),"Y") -> 17 | I69: =DATEDIF(VLOOKUP(I68,$P$18:$Q$100,2,FALSE),TODAY(),"Y") -> 18 | ... L69: =DATEDIF(VLOOKUP(L68,$P$18:$Q$100,2,FALSE),TODAY(),"Y") -> 22 | N69: =AVERAGE(B69:M69) -> 19.909091
A71: Seekirchen | B71: Ender | C71: Thalmann | D71: Yilmaz | E71: de Man | F71: Gruber | G71: Zorlu | H71: Kronberger | I71: Madritsch | J71: Krstovic | K71: Vonbrül | L71: Sismanlar
B72: =DATEDIF(VLOOKUP(B71,$P$18:$Q$100,2,FALSE),TODAY(),"Y") -> 20 | C72: =DATEDIF(VLOOKUP(C71,$P$18:$Q$100,2,FALSE),TODAY(),"Y") -> 20 | D72: =DATEDIF(VLOOKUP(D71,$P$18:$Q$100,2,FALSE),TODAY(),"Y") -> 18 | E72: =DATEDIF(VLOOKUP(E71,$P$18:$Q$100,2,FALSE),TODAY(),"Y") -> 19 | F72: =DATEDIF(VLOOKUP(F71,$P$18:$Q$100,2,FALSE),TODAY(),"Y") -> 19 | G72: =DATEDIF(VLOOKUP(G71,$P$18:$Q$100,2,FALSE),TODAY(),"Y") -> 22 | H72: =DATEDIF(VLOOKUP(H71,$P$18:$Q$100,2,FALSE),TODAY(),"Y") -> 24 | I72: =DATEDIF(VLOOKUP(I71,$P$18:$Q$100,2,FALSE),TODAY(),"Y") -> 20 | ... L72: =DATEDIF(VLOOKUP(L71,$P$18:$Q$100,2,FALSE),TODAY(),"Y") -> 22 | N72: =AVERAGE(B72:M72) -> 19.909091
A74: Reichenau | B74: Scherf | C74: Thalmann | D74: De Man | E74: Müller | F74: Gruber | G74: Abdiji | H74: de Freitas | I74: Madritsch | J74: Krstovic | K74: Halastar | L74: Sismanlar
B75: =DATEDIF(VLOOKUP(B74,$P$18:$Q$100,2,FALSE),TODAY(),"Y") -> 23 | C75: =DATEDIF(VLOOKUP(C74,$P$18:$Q$100,2,FALSE),TODAY(),"Y") -> 20 | D75: =DATEDIF(VLOOKUP(D74,$P$18:$Q$100,2,FALSE),TODAY(),"Y") -> 19 | E75: =DATEDIF(VLOOKUP(E74,$P$18:$Q$100,2,FALSE),TODAY(),"Y") -> 17 | F75: =DATEDIF(VLOOKUP(F74,$P$18:$Q$100,2,FALSE),TODAY(),"Y") -> 19 | G75: =DATEDIF(VLOOKUP(G74,$P$18:$Q$100,2,FALSE),TODAY(),"Y") -> 19 | H75: =DATEDIF(VLOOKUP(H74,$P$18:$Q$100,2,FALSE),TODAY(),"Y") -> 20 | I75: =DATEDIF(VLOOKUP(I74,$P$18:$Q$100,2,FALSE),TODAY(),"Y") -> 20 | ... L75: =DATEDIF(VLOOKUP(L74,$P$18:$Q$100,2,FALSE),TODAY(),"Y") -> 22 | N75: =AVERAGE(B75:M75) -> 19.363636

Sheet Young Violets
N1: =AVERAGE(N2:N99) -> 21.169279
A2: St. Pölten | B2: Jusic | C2: Wojnar | D2: Ndukwe | E2: Radonjic | F2: Nisandzic | G2: Maybach | H2: Nnodim | I2: Österreicher | J2: Mörth | K2: Aleksa | L2: Hosiner
B3: =DATEDIF(VLOOKUP(B2,$P$18:$Q$100,2,FALSE),TODAY(),"Y") -> 21 | C3: =DATEDIF(VLOOKUP(C2,$P$18:$Q$100,2,FALSE),TODAY(),"Y") -> 20 | D3: =DATEDIF(VLOOKUP(D2,$P$18:$Q$100,2,FALSE),TODAY(),"Y") -> 18 | E3: =DATEDIF(VLOOKUP(E2,$P$18:$Q$100,2,FALSE),TODAY(),"Y") -> 20 | F3: =DATEDIF(VLOOKUP(F2,$P$18:$Q$100,2,FALSE),TODAY(),"Y") -> 19 | G3: =DATEDIF(VLOOKUP(G2,$P$18:$Q$100,2,FALSE),TODAY(),"Y") -> 18 | H3: =DATEDIF(VLOOKUP(H2,$P$18:$Q$100,2,FALSE),TODAY(),"Y") -> 18 | I3: =DATEDIF(VLOOKUP(I2,$P$18:$Q$100,2,FALSE),TODAY(),"Y") -> 20 | ... L3: =DATEDIF(VLOOKUP(L2,$P$18:$Q$100,2,FALSE),TODAY(),"Y") -> 37 | N3: =AVERAGE(B3:M3) -> 20.818182
A5: Klagenfurt | B5: Jusic | C5: Wojnar | D5: Fischer | E5: Radonjic | F5: Nisandzic | G5: Maybach | H5: Nnodim | I5: Österreicher | J5: Mörth | K5: Aleksa | L5: Hosiner
B6: =DATEDIF(VLOOKUP(B5,$P$18:$Q$100,2,FALSE),TODAY(),"Y") -> 21 | C6: =DATEDIF(VLOOKUP(C5,$P$18:$Q$100,2,FALSE),TODAY(),"Y") -> 20 | D6: =DATEDIF(VLOOKUP(D5,$P$18:$Q$100,2,FALSE),TODAY(),"Y") -> 19 | E6: =DATEDIF(VLOOKUP(E5,$P$18:$Q$100,2,FALSE),TODAY(),"Y") -> 20 | F6: =DATEDIF(VLOOKUP(F5,$P$18:$Q$100,2,FALSE),TODAY(),"Y") -> 19 | G6: =DATEDIF(VLOOKUP(G5,$P$18:$Q$100,2,FALSE),TODAY(),"Y") -> 18 | H6: =DATEDIF(VLOOKUP(H5,$P$18:$Q$100,2,FALSE),TODAY(),"Y") -> 18 | I6: =DATEDIF(VLOOKUP(I5,$P$18:$Q$100,2,FALSE),TODAY(),"Y") -> 20 | ... L6: =DATEDIF(VLOOKUP(L5,$P$18:$Q$100,2,FALSE),TODAY(),"Y") -> 37 | N6: =AVERAGE(B6:M6) -> 20.909091
A8: Admira | B8: Jusic | C8: Wojnar | D8: Fischer | E8: Lukic | F8: Nisandzic | G8: Ndukwe | H8: Nnodim | I8: Österreicher | J8: Mörth | K8: Schablas | L8: Hosiner
B9: =DATEDIF(VLOOKUP(B8,$P$18:$Q$100,2,FALSE),TODAY(),"Y") -> 21 | C9: =DATEDIF(VLOOKUP(C8,$P$18:$Q$100,2,FALSE),TODAY(),"Y") -> 20 | D9: =DATEDIF(VLOOKUP(D8,$P$18:$Q$100,2,FALSE),TODAY(),"Y") -> 19 | E9: =DATEDIF(VLOOKUP(E8,$P$18:$Q$100,2,FALSE),TODAY(),"Y") -> 20 | F9: =DATEDIF(VLOOKUP(F8,$P$18:$Q$100,2,FALSE),TODAY(),"Y") -> 19 | G9: =DATEDIF(VLOOKUP(G8,$P$18:$Q$100,2,FALSE),TODAY(),"Y") -> 18 | H9: =DATEDIF(VLOOKUP(H8,$P$18:$Q$100,2,FALSE),TODAY(),"Y") -> 18 | I9: =DATEDIF(VLOOKUP(I8,$P$18:$Q$100,2,FALSE),TODAY(),"Y") -> 20 | ... L9: =DATEDIF(VLOOKUP(L8,$P$18:$Q$100,2,FALSE),TODAY(),"Y") -> 37 | N9: =AVERAGE(B9:M9) -> 21.090909
A11: Rapid | B11: Jusic | C11: Wojnar | D11: Fischer | E11: Lukic | F11: Nisandzic | G11: Ndukwe | H11: Aleksa | I11: Österreicher | J11: Mörth | K11: Schablas | L11: Hosiner
B12: =DATEDIF(VLOOKUP(B11,$P$18:$Q$100,2,FALSE),TODAY(),"Y") -> 21 | C12: =DATEDIF(VLOOKUP(C11,$P$18:$Q$100,2,FALSE),TODAY(),"Y") -> 20 | D12: =DATEDIF(VLOOKUP(D11,$P$18:$Q$100,2,FALSE),TODAY(),"Y") -> 19 | E12: =DATEDIF(VLOOKUP(E11,$P$18:$Q$100,2,FALSE),TODAY(),"Y") -> 20 | F12: =DATEDIF(VLOOKUP(F11,$P$18:$Q$100,2,FALSE),TODAY(),"Y") -> 19 | G12: =DATEDIF(VLOOKUP(G11,$P$18:$Q$100,2,FALSE),TODAY(),"Y") -> 18 | H12: =DATEDIF(VLOOKUP(H11,$P$18:$Q$100,2,FALSE),TODAY(),"Y") -> 19 | I12: =DATEDIF(VLOOKUP(I11,$P$18:$Q$100,2,FALSE),TODAY(),"Y") -> 20 | ... L12: =DATEDIF(VLOOKUP(L11,$P$18:$Q$100,2,FALSE),TODAY(),"Y") -> 37 | N12: =AVERAGE(B12:M12) -> 21.181818
A14: Wels | B14: Jusic | C14: Wojnar | D14: Fischer | E14: Lukic | F14: Nisandzic | G14: Ilic | H14: Aleksa | I14: Österreicher | J14: Mörth | K14: Sawicki | L14: Hosiner
B15: =DATEDIF(VLOOKUP(B14,$P$18:$Q$100,2,FALSE),TODAY(),"Y") -> 21 | C15: =DATEDIF(VLOOKUP(C14,$P$18:$Q$100,2,FALSE),TODAY(),"Y") -> 20 | D15: =DATEDIF(VLOOKUP(D14,$P$18:$Q$100,2,FALSE),TODAY(),"Y") -> 19 | E15: =DATEDIF(VLOOKUP(E14,$P$18:$Q$100,2,FALSE),TODAY(),"Y") -> 20 | F15: =DATEDIF(VLOOKUP(F14,$P$18:$Q$100,2,FALSE),TODAY(),"Y") -> 19 | G15: =DATEDIF(VLOOKUP(G14,$P$18:$Q$100,2,FALSE),TODAY(),"Y") -> 21 | H15: =DATEDIF(VLOOKUP(H14,$P$18:$Q$100,2,FALSE),TODAY(),"Y") -> 19 | I15: =DATEDIF(VLOOKUP(I14,$P$18:$Q$100,2,FALSE),TODAY(),"Y") -> 20 | ... L15: =DATEDIF(VLOOKUP(L14,$P$18:$Q$100,2,FALSE),TODAY(),"Y") -> 37 | N15: =AVERAGE(B15:M15) -> 21.363636
A17: Vienna | B17: Jusic | C17: Wojnar | D17: Fischer | E17: Lukic | F17: Nisandzic | G17: Ilic | H17: Nnodim | I17: Österreicher | J17: Mörth | K17: Sawicki | L17: Hosiner
B18: =DATEDIF(VLOOKUP(B17,$P$18:$Q$100,2,FALSE),TODAY(),"Y") -> 21 | C18: =DATEDIF(VLOOKUP(C17,$P$18:$Q$100,2,FALSE),TODAY(),"Y") -> 20 | D18: =DATEDIF(VLOOKUP(D17,$P$18:$Q$100,2,FALSE),TODAY(),"Y") -> 19 | E18: =DATEDIF(VLOOKUP(E17,$P$18:$Q$100,2,FALSE),TODAY(),"Y") -> 20 | F18: =DATEDIF(VLOOKUP(F17,$P$18:$Q$100,2,FALSE),TODAY(),"Y") -> 19 | G18: =DATEDIF(VLOOKUP(G17,$P$18:$Q$100,2,FALSE),TODAY(),"Y") -> 21 | H18: =DATEDIF(VLOOKUP(H17,$P$18:$Q$100,2,FALSE),TODAY(),"Y") -> 18 | I18: =DATEDIF(VLOOKUP(I17,$P$18:$Q$100,2,FALSE),TODAY(),"Y") -> 20 | ... L18: =DATEDIF(VLOOKUP(L17,$P$18:$Q$100,2,FALSE),TODAY(),"Y") -> 37 | N18: =AVERAGE(B18:M18) -> 21.272727 | P18: Jusic | Q18: 38482 | T18: 33
P19: Wojnar | Q19: 38627
A20: Sturm | B20: Jusic | C20: Schablas | D20: Fischer | E20: Lukic | F20: Nisandzic | G20: Zdichynec | H20: Nnodim | I20: Ndukwe | J20: Mörth | K20: Aleksa | L20: Hosiner | P20: Radonjic | Q20: 38620
B21: =DATEDIF(VLOOKUP(B20,$P$18:$Q$100,2,FALSE),TODAY(),"Y") -> 21 | C21: =DATEDIF(VLOOKUP(C20,$P$18:$Q$100,2,FALSE),TODAY(),"Y") -> 21 | D21: =DATEDIF(VLOOKUP(D20,$P$18:$Q$100,2,FALSE),TODAY(),"Y") -> 19 | E21: =DATEDIF(VLOOKUP(E20,$P$18:$Q$100,2,FALSE),TODAY(),"Y") -> 20 | F21: =DATEDIF(VLOOKUP(F20,$P$18:$Q$100,2,FALSE),TODAY(),"Y") -> 19 | G21: =DATEDIF(VLOOKUP(G20,$P$18:$Q$100,2,FALSE),TODAY(),"Y") -> 24 | H21: =DATEDIF(VLOOKUP(H20,$P$18:$Q$100,2,FALSE),TODAY(),"Y") -> 18 | I21: =DATEDIF(VLOOKUP(I20,$P$18:$Q$100,2,FALSE),TODAY(),"Y") -> 18 | ... L21: =DATEDIF(VLOOKUP(L20,$P$18:$Q$100,2,FALSE),TODAY(),"Y") -> 37 | N21: =AVERAGE(B21:M21) -> 21.363636 | P21: Ndukwe | Q21: 39510
P22: Wojnar | Q22: 38627
A23: Amstetten | B23: Jusic | C23: Schablas | D23: Fischer | E23: Lukic | F23: Nisandzic | G23: Wojnar | H23: Nnodim | I23: Ndukwe | J23: Mörth | K23: Deshishku | L23: Hosiner | P23: Nnodim | Q23: 39422
B24: =DATEDIF(VLOOKUP(B23,$P$18:$Q$100,2,FALSE),TODAY(),"Y") -> 21 | C24: =DATEDIF(VLOOKUP(C23,$P$18:$Q$100,2,FALSE),TODAY(),"Y") -> 21 | D24: =DATEDIF(VLOOKUP(D23,$P$18:$Q$100,2,FALSE),TODAY(),"Y") -> 19 | E24: =DATEDIF(VLOOKUP(E23,$P$18:$Q$100,2,FALSE),TODAY(),"Y") -> 20 | F24: =DATEDIF(VLOOKUP(F23,$P$18:$Q$100,2,FALSE),TODAY(),"Y") -> 19 | G24: =DATEDIF(VLOOKUP(G23,$P$18:$Q$100,2,FALSE),TODAY(),"Y") -> 20 | H24: =DATEDIF(VLOOKUP(H23,$P$18:$Q$100,2,FALSE),TODAY(),"Y") -> 18 | I24: =DATEDIF(VLOOKUP(I23,$P$18:$Q$100,2,FALSE),TODAY(),"Y") -> 18 | ... L24: =DATEDIF(VLOOKUP(L23,$P$18:$Q$100,2,FALSE),TODAY(),"Y") -> 37 | N24: =AVERAGE(B24:M24) -> 20.909091 | P24: Maybach | Q24: 39430
P25: Nisandzic | Q25: 38906
A26: Lustenau | B26: Jusic | C26: Abdi | D26: Fischer | E26: Lukic | F26: Sawicki | G26: Wojnar | H26: Nnodim | I26: Ndukwe | J26: Mörth | K26: Zdichynec | L26: Österreicher | P26: Mörth | Q26: 39143
B27: =DATEDIF(VLOOKUP(B26,$P$18:$Q$100,2,FALSE),TODAY(),"Y") -> 21 | C27: =DATEDIF(VLOOKUP(C26,$P$18:$Q$100,2,FALSE),TODAY(),"Y") -> 20 | D27: =DATEDIF(VLOOKUP(D26,$P$18:$Q$100,2,FALSE),TODAY(),"Y") -> 19 | E27: =DATEDIF(VLOOKUP(E26,$P$18:$Q$100,2,FALSE),TODAY(),"Y") -> 20 | F27: =DATEDIF(VLOOKUP(F26,$P$18:$Q$100,2,FALSE),TODAY(),"Y") -> 20 | G27: =DATEDIF(VLOOKUP(G26,$P$18:$Q$100,2,FALSE),TODAY(),"Y") -> 20 | H27: =DATEDIF(VLOOKUP(H26,$P$18:$Q$100,2,FALSE),TODAY(),"Y") -> 18 | I27: =DATEDIF(VLOOKUP(I26,$P$18:$Q$100,2,FALSE),TODAY(),"Y") -> 18 | ... L27: =DATEDIF(VLOOKUP(L26,$P$18:$Q$100,2,FALSE),TODAY(),"Y") -> 20 | N27: =AVERAGE(B27:M27) -> 19.909091 | P27: Österreicher | Q27: 38728
P28: Hosiner | Q28: 32643
A29: Stripfing | B29: Jusic | C29: Abdi | D29: Ilic | E29: Nisandzic | F29: Aleksa | G29: Wojnar | H29: Nnodim | I29: Ndukwe | J29: Mörth | K29: Ewemade | L29: Schablas | P29: Aleksa | Q29: 39197
B30: =DATEDIF(VLOOKUP(B29,$P$18:$Q$100,2,FALSE),TODAY(),"Y") -> 21 | C30: =DATEDIF(VLOOKUP(C29,$P$18:$Q$100,2,FALSE),TODAY(),"Y") -> 20 | D30: =DATEDIF(VLOOKUP(D29,$P$18:$Q$100,2,FALSE),TODAY(),"Y") -> 21 | E30: =DATEDIF(VLOOKUP(E29,$P$18:$Q$100,2,FALSE),TODAY(),"Y") -> 19 | F30: =DATEDIF(VLOOKUP(F29,$P$18:$Q$100,2,FALSE),TODAY(),"Y") -> 19 | G30: =DATEDIF(VLOOKUP(G29,$P$18:$Q$100,2,FALSE),TODAY(),"Y") -> 20 | H30: =DATEDIF(VLOOKUP(H29,$P$18:$Q$100,2,FALSE),TODAY(),"Y") -> 18 | I30: =DATEDIF(VLOOKUP(I29,$P$18:$Q$100,2,FALSE),TODAY(),"Y") -> 18 | ... L30: =DATEDIF(VLOOKUP(L29,$P$18:$Q$100,2,FALSE),TODAY(),"Y") -> 21 | N30: =AVERAGE(B30:M30) -> 19.636364 | P30: Fischer | Q30: 39031
P31: Lukic | Q31: 38851
A32: Austria | B32: Jusic | C32: Abdi | D32: Ilic | E32: Toifl | F32: Fischer | G32: Maybach | H32: Sawicki | I32: Höller | J32: Hosiner | K32: Ewemade | L32: Schablas | P32: Schablas | Q32: 38425
B33: =DATEDIF(VLOOKUP(B32,$P$18:$Q$100,2,FALSE),TODAY(),"Y") -> 21 | C33: =DATEDIF(VLOOKUP(C32,$P$18:$Q$100,2,FALSE),TODAY(),"Y") -> 20 | D33: =DATEDIF(VLOOKUP(D32,$P$18:$Q$100,2,FALSE),TODAY(),"Y") -> 21 | E33: =DATEDIF(VLOOKUP(E32,$P$18:$Q$100,2,FALSE),TODAY(),"Y") -> 21 | F33: =DATEDIF(VLOOKUP(F32,$P$18:$Q$100,2,FALSE),TODAY(),"Y") -> 19 | G33: =DATEDIF(VLOOKUP(G32,$P$18:$Q$100,2,FALSE),TODAY(),"Y") -> 18 | H33: =DATEDIF(VLOOKUP(H32,$P$18:$Q$100,2,FALSE),TODAY(),"Y") -> 20 | I33: =DATEDIF(VLOOKUP(I32,$P$18:$Q$100,2,FALSE),TODAY(),"Y") -> 18 | ... L33: =DATEDIF(VLOOKUP(L32,$P$18:$Q$100,2,FALSE),TODAY(),"Y") -> 21 | N33: =AVERAGE(B33:M33) -> 21.454545 | P33: Ilic | Q33: 38324
P34: Sawicki | Q34: 38653
A35: Liefering | B35: Jusic | C35: Abdi | D35: Lukic | E35: Toifl | F35: Fischer | G35: Mörth | H35: Wojnar | I35: Höller | J35: Hosiner | K35: Ewemade | L35: Schablas | P35: Zdichynec | Q35: 37284
B36: =DATEDIF(VLOOKUP(B35,$P$18:$Q$100,2,FALSE),TODAY(),"Y") -> 21 | C36: =DATEDIF(VLOOKUP(C35,$P$18:$Q$100,2,FALSE),TODAY(),"Y") -> 20 | D36: =DATEDIF(VLOOKUP(D35,$P$18:$Q$100,2,FALSE),TODAY(),"Y") -> 20 | E36: =DATEDIF(VLOOKUP(E35,$P$18:$Q$100,2,FALSE),TODAY(),"Y") -> 21 | F36: =DATEDIF(VLOOKUP(F35,$P$18:$Q$100,2,FALSE),TODAY(),"Y") -> 19 | G36: =DATEDIF(VLOOKUP(G35,$P$18:$Q$100,2,FALSE),TODAY(),"Y") -> 19 | H36: =DATEDIF(VLOOKUP(H35,$P$18:$Q$100,2,FALSE),TODAY(),"Y") -> 20 | I36: =DATEDIF(VLOOKUP(I35,$P$18:$Q$100,2,FALSE),TODAY(),"Y") -> 18 | ... L36: =DATEDIF(VLOOKUP(L35,$P$18:$Q$100,2,FALSE),TODAY(),"Y") -> 21 | N36: =AVERAGE(B36:M36) -> 21.454545 | P36: Deshishku | Q36: 39501
P37: Abdi | Q37: 38783
A38: FAC | B38: Jusic | C38: Ilic | D38: Lukic | E38: Toifl | F38: Fischer | G38: Mörth | H38: Maybach | I38: Pazourek | J38: Hosiner | K38: Nisandzic | L38: Schablas | P38: Ewemade | Q38: 38520
B39: =DATEDIF(VLOOKUP(B38,$P$18:$Q$100,2,FALSE),TODAY(),"Y") -> 21 | C39: =DATEDIF(VLOOKUP(C38,$P$18:$Q$100,2,FALSE),TODAY(),"Y") -> 21 | D39: =DATEDIF(VLOOKUP(D38,$P$18:$Q$100,2,FALSE),TODAY(),"Y") -> 20 | E39: =DATEDIF(VLOOKUP(E38,$P$18:$Q$100,2,FALSE),TODAY(),"Y") -> 21 | F39: =DATEDIF(VLOOKUP(F38,$P$18:$Q$100,2,FALSE),TODAY(),"Y") -> 19 | G39: =DATEDIF(VLOOKUP(G38,$P$18:$Q$100,2,FALSE),TODAY(),"Y") -> 19 | H39: =DATEDIF(VLOOKUP(H38,$P$18:$Q$100,2,FALSE),TODAY(),"Y") -> 18 | I39: =DATEDIF(VLOOKUP(I38,$P$18:$Q$100,2,FALSE),TODAY(),"Y") -> 21 | ... L39: =DATEDIF(VLOOKUP(L38,$P$18:$Q$100,2,FALSE),TODAY(),"Y") -> 21 | N39: =AVERAGE(B39:M39) -> 21.545455 | P39: Toifl | Q39: 38493
P40: Höller | Q40: 39427
A41: Bregenz | B41: Jusic | C41: Jankovic | D41: Lukic | E41: Toifl | F41: Fischer | G41: Mörth | H41: Roider | I41: Wojnar | J41: Hosiner | K41: Ewemade | L41: Österreicher | P41: Pazourek | Q41: 38387
B42: =DATEDIF(VLOOKUP(B41,$P$18:$Q$100,2,FALSE),TODAY(),"Y") -> 21 | C42: =DATEDIF(VLOOKUP(C41,$P$18:$Q$100,2,FALSE),TODAY(),"Y") -> 21 | D42: =DATEDIF(VLOOKUP(D41,$P$18:$Q$100,2,FALSE),TODAY(),"Y") -> 20 | E42: =DATEDIF(VLOOKUP(E41,$P$18:$Q$100,2,FALSE),TODAY(),"Y") -> 21 | F42: =DATEDIF(VLOOKUP(F41,$P$18:$Q$100,2,FALSE),TODAY(),"Y") -> 19 | G42: =DATEDIF(VLOOKUP(G41,$P$18:$Q$100,2,FALSE),TODAY(),"Y") -> 19 | H42: =DATEDIF(VLOOKUP(H41,$P$18:$Q$100,2,FALSE),TODAY(),"Y") -> 20 | I42: =DATEDIF(VLOOKUP(I41,$P$18:$Q$100,2,FALSE),TODAY(),"Y") -> 20 | ... L42: =DATEDIF(VLOOKUP(L41,$P$18:$Q$100,2,FALSE),TODAY(),"Y") -> 20 | N42: =AVERAGE(B42:M42) -> 21.636364 | P42: Roider | Q42: 38599
P43: Jankovic | Q43: 38364
A44: Kapfenberg | B44: Jusic | C44: Jankovic | D44: Nisandzic | E44: Toifl | F44: Fischer | G44: Mörth | H44: Roider | I44: Wojnar | J44: Hosiner | K44: Ewemade | L44: Österreicher | P44: Markovic | Q44: 39580
B45: =DATEDIF(VLOOKUP(B44,$P$18:$Q$100,2,FALSE),TODAY(),"Y") -> 21 | C45: =DATEDIF(VLOOKUP(C44,$P$18:$Q$100,2,FALSE),TODAY(),"Y") -> 21 | D45: =DATEDIF(VLOOKUP(D44,$P$18:$Q$100,2,FALSE),TODAY(),"Y") -> 19 | E45: =DATEDIF(VLOOKUP(E44,$P$18:$Q$100,2,FALSE),TODAY(),"Y") -> 21 | F45: =DATEDIF(VLOOKUP(F44,$P$18:$Q$100,2,FALSE),TODAY(),"Y") -> 19 | G45: =DATEDIF(VLOOKUP(G44,$P$18:$Q$100,2,FALSE),TODAY(),"Y") -> 19 | H45: =DATEDIF(VLOOKUP(H44,$P$18:$Q$100,2,FALSE),TODAY(),"Y") -> 20 | I45: =DATEDIF(VLOOKUP(I44,$P$18:$Q$100,2,FALSE),TODAY(),"Y") -> 20 | ... L45: =DATEDIF(VLOOKUP(L44,$P$18:$Q$100,2,FALSE),TODAY(),"Y") -> 20 | N45: =AVERAGE(B45:M45) -> 21.545455 | P45: Stöger | Q45: 38999
P46: Vorsager | Q46: 35610
A47: St. Pölten | B47: Jusic | C47: Jankovic | D47: Nisandzic | E47: Toifl | F47: Fischer | G47: Pazourek | H47: Roider | I47: Wojnar | J47: Hosiner | K47: Ewemade | L47: Nnodim | P47: Wustinger | Q47: 37823
B48: =DATEDIF(VLOOKUP(B47,$P$18:$Q$100,2,FALSE),TODAY(),"Y") -> 21 | C48: =DATEDIF(VLOOKUP(C47,$P$18:$Q$100,2,FALSE),TODAY(),"Y") -> 21 | D48: =DATEDIF(VLOOKUP(D47,$P$18:$Q$100,2,FALSE),TODAY(),"Y") -> 19 | E48: =DATEDIF(VLOOKUP(E47,$P$18:$Q$100,2,FALSE),TODAY(),"Y") -> 21 | F48: =DATEDIF(VLOOKUP(F47,$P$18:$Q$100,2,FALSE),TODAY(),"Y") -> 19 | G48: =DATEDIF(VLOOKUP(G47,$P$18:$Q$100,2,FALSE),TODAY(),"Y") -> 21 | H48: =DATEDIF(VLOOKUP(H47,$P$18:$Q$100,2,FALSE),TODAY(),"Y") -> 20 | I48: =DATEDIF(VLOOKUP(I47,$P$18:$Q$100,2,FALSE),TODAY(),"Y") -> 20 | ... L48: =DATEDIF(VLOOKUP(L47,$P$18:$Q$100,2,FALSE),TODAY(),"Y") -> 18 | N48: =AVERAGE(B48:M48) -> 21.545455 | P48: Blazevic | Q48: 39100
P49: Brandt | Q49: 38841
A50: Klagenfurt | B50: Jusic | C50: Deshishku | D50: Nisandzic | E50: Toifl | F50: Fischer | G50: Pazourek | H50: Roider | I50: Wojnar | J50: Hosiner | K50: Markovic | L50: Höller | P50: Stöckl | Q50: 39034
B51: =DATEDIF(VLOOKUP(B50,$P$18:$Q$100,2,FALSE),TODAY(),"Y") -> 21 | C51: =DATEDIF(VLOOKUP(C50,$P$18:$Q$100,2,FALSE),TODAY(),"Y") -> 18 | D51: =DATEDIF(VLOOKUP(D50,$P$18:$Q$100,2,FALSE),TODAY(),"Y") -> 19 | E51: =DATEDIF(VLOOKUP(E50,$P$18:$Q$100,2,FALSE),TODAY(),"Y") -> 21 | F51: =DATEDIF(VLOOKUP(F50,$P$18:$Q$100,2,FALSE),TODAY(),"Y") -> 19 | G51: =DATEDIF(VLOOKUP(G50,$P$18:$Q$100,2,FALSE),TODAY(),"Y") -> 21 | H51: =DATEDIF(VLOOKUP(H50,$P$18:$Q$100,2,FALSE),TODAY(),"Y") -> 20 | I51: =DATEDIF(VLOOKUP(I50,$P$18:$Q$100,2,FALSE),TODAY(),"Y") -> 20 | ... L51: =DATEDIF(VLOOKUP(L50,$P$18:$Q$100,2,FALSE),TODAY(),"Y") -> 18 | N51: =AVERAGE(B51:M51) -> 21.090909
A53: Admira | B53: Jusic | C53: Aleksa | D53: Nisandzic | E53: Mörth | F53: Ndukwe | G53: Nnodim | H53: Schablas | I53: Stöger | J53: Hosiner | K53: Markovic | L53: Vorsager
B54: =DATEDIF(VLOOKUP(B53,$P$18:$Q$100,2,FALSE),TODAY(),"Y") -> 21 | C54: =DATEDIF(VLOOKUP(C53,$P$18:$Q$100,2,FALSE),TODAY(),"Y") -> 19 | D54: =DATEDIF(VLOOKUP(D53,$P$18:$Q$100,2,FALSE),TODAY(),"Y") -> 19 | E54: =DATEDIF(VLOOKUP(E53,$P$18:$Q$100,2,FALSE),TODAY(),"Y") -> 19 | F54: =DATEDIF(VLOOKUP(F53,$P$18:$Q$100,2,FALSE),TODAY(),"Y") -> 18 | G54: =DATEDIF(VLOOKUP(G53,$P$18:$Q$100,2,FALSE),TODAY(),"Y") -> 18 | H54: =DATEDIF(VLOOKUP(H53,$P$18:$Q$100,2,FALSE),TODAY(),"Y") -> 21 | I54: =DATEDIF(VLOOKUP(I53,$P$18:$Q$100,2,FALSE),TODAY(),"Y") -> 19 | ... L54: =DATEDIF(VLOOKUP(L53,$P$18:$Q$100,2,FALSE),TODAY(),"Y") -> 28 | N54: =AVERAGE(B54:M54) -> 21.545455
A56: Rapid | B56: Jusic | C56: Aleksa | D56: Abdi | E56: Ewemade | F56: Ndukwe | G56: Nnodim | H56: Schablas | I56: Fischer | J56: Hosiner | K56: Jankovic | L56: Vorsager
B57: =DATEDIF(VLOOKUP(B56,$P$18:$Q$100,2,FALSE),TODAY(),"Y") -> 21 | C57: =DATEDIF(VLOOKUP(C56,$P$18:$Q$100,2,FALSE),TODAY(),"Y") -> 19 | D57: =DATEDIF(VLOOKUP(D56,$P$18:$Q$100,2,FALSE),TODAY(),"Y") -> 20 | E57: =DATEDIF(VLOOKUP(E56,$P$18:$Q$100,2,FALSE),TODAY(),"Y") -> 20 | F57: =DATEDIF(VLOOKUP(F56,$P$18:$Q$100,2,FALSE),TODAY(),"Y") -> 18 | G57: =DATEDIF(VLOOKUP(G56,$P$18:$Q$100,2,FALSE),TODAY(),"Y") -> 18 | H57: =DATEDIF(VLOOKUP(H56,$P$18:$Q$100,2,FALSE),TODAY(),"Y") -> 21 | I57: =DATEDIF(VLOOKUP(I56,$P$18:$Q$100,2,FALSE),TODAY(),"Y") -> 19 | ... L57: =DATEDIF(VLOOKUP(L56,$P$18:$Q$100,2,FALSE),TODAY(),"Y") -> 28 | N57: =AVERAGE(B57:M57) -> 22
A59: Wels | B59: Jusic | C59: Nisandzic | D59: Abdi | E59: Ewemade | F59: Ndukwe | G59: Nnodim | H59: Schablas | I59: Fischer | J59: Hosiner | K59: Jankovic | L59: Vorsager
B60: =DATEDIF(VLOOKUP(B59,$P$18:$Q$100,2,FALSE),TODAY(),"Y") -> 21 | C60: =DATEDIF(VLOOKUP(C59,$P$18:$Q$100,2,FALSE),TODAY(),"Y") -> 19 | D60: =DATEDIF(VLOOKUP(D59,$P$18:$Q$100,2,FALSE),TODAY(),"Y") -> 20 | E60: =DATEDIF(VLOOKUP(E59,$P$18:$Q$100,2,FALSE),TODAY(),"Y") -> 20 | F60: =DATEDIF(VLOOKUP(F59,$P$18:$Q$100,2,FALSE),TODAY(),"Y") -> 18 | G60: =DATEDIF(VLOOKUP(G59,$P$18:$Q$100,2,FALSE),TODAY(),"Y") -> 18 | H60: =DATEDIF(VLOOKUP(H59,$P$18:$Q$100,2,FALSE),TODAY(),"Y") -> 21 | I60: =DATEDIF(VLOOKUP(I59,$P$18:$Q$100,2,FALSE),TODAY(),"Y") -> 19 | ... L60: =DATEDIF(VLOOKUP(L59,$P$18:$Q$100,2,FALSE),TODAY(),"Y") -> 28 | N60: =AVERAGE(B60:M60) -> 22
A62: Vienna | B62: Jusic | C62: Nisandzic | D62: Abdi | E62: Ewemade | F62: Wustinger | G62: Nnodim | H62: Deshishku | I62: Fischer | J62: Hosiner | K62: Roider | L62: Vorsager
B63: =DATEDIF(VLOOKUP(B62,$P$18:$Q$100,2,FALSE),TODAY(),"Y") -> 21 | C63: =DATEDIF(VLOOKUP(C62,$P$18:$Q$100,2,FALSE),TODAY(),"Y") -> 19 | D63: =DATEDIF(VLOOKUP(D62,$P$18:$Q$100,2,FALSE),TODAY(),"Y") -> 20 | E63: =DATEDIF(VLOOKUP(E62,$P$18:$Q$100,2,FALSE),TODAY(),"Y") -> 20 | F63: =DATEDIF(VLOOKUP(F62,$P$18:$Q$100,2,FALSE),TODAY(),"Y") -> 22 | G63: =DATEDIF(VLOOKUP(G62,$P$18:$Q$100,2,FALSE),TODAY(),"Y") -> 18 | H63: =DATEDIF(VLOOKUP(H62,$P$18:$Q$100,2,FALSE),TODAY(),"Y") -> 18 | I63: =DATEDIF(VLOOKUP(I62,$P$18:$Q$100,2,FALSE),TODAY(),"Y") -> 19 | ... L63: =DATEDIF(VLOOKUP(L62,$P$18:$Q$100,2,FALSE),TODAY(),"Y") -> 28 | N63: =AVERAGE(B63:M63) -> 22
A65: Sturm | B65: Jusic | C65: Nisandzic | D65: Abdi | E65: Österreicher | F65: Wustinger | G65: Nnodim | H65: Deshishku | I65: Toifl | J65: Hosiner | K65: Roider | L65: Vorsager
B66: =DATEDIF(VLOOKUP(B65,$P$18:$Q$100,2,FALSE),TODAY(),"Y") -> 21 | C66: =DATEDIF(VLOOKUP(C65,$P$18:$Q$100,2,FALSE),TODAY(),"Y") -> 19 | D66: =DATEDIF(VLOOKUP(D65,$P$18:$Q$100,2,FALSE),TODAY(),"Y") -> 20 | E66: =DATEDIF(VLOOKUP(E65,$P$18:$Q$100,2,FALSE),TODAY(),"Y") -> 20 | F66: =DATEDIF(VLOOKUP(F65,$P$18:$Q$100,2,FALSE),TODAY(),"Y") -> 22 | G66: =DATEDIF(VLOOKUP(G65,$P$18:$Q$100,2,FALSE),TODAY(),"Y") -> 18 | H66: =DATEDIF(VLOOKUP(H65,$P$18:$Q$100,2,FALSE),TODAY(),"Y") -> 18 | I66: =DATEDIF(VLOOKUP(I65,$P$18:$Q$100,2,FALSE),TODAY(),"Y") -> 21 | ... L66: =DATEDIF(VLOOKUP(L65,$P$18:$Q$100,2,FALSE),TODAY(),"Y") -> 28 | N66: =AVERAGE(B66:M66) -> 22.181818
A68: Amstetten | B68: Blazevic | C68: Nisandzic | D68: Abdi | E68: Stöckl | F68: Wustinger | G68: Nnodim | H68: Ewemade | I68: Toifl | J68: Brandt | K68: Roider | L68: Vorsager
B69: =DATEDIF(VLOOKUP(B68,$P$18:$Q$100,2,FALSE),TODAY(),"Y") -> 19 | C69: =DATEDIF(VLOOKUP(C68,$P$18:$Q$100,2,FALSE),TODAY(),"Y") -> 19 | D69: =DATEDIF(VLOOKUP(D68,$P$18:$Q$100,2,FALSE),TODAY(),"Y") -> 20 | E69: =DATEDIF(VLOOKUP(E68,$P$18:$Q$100,2,FALSE),TODAY(),"Y") -> 19 | F69: =DATEDIF(VLOOKUP(F68,$P$18:$Q$100,2,FALSE),TODAY(),"Y") -> 22 | G69: =DATEDIF(VLOOKUP(G68,$P$18:$Q$100,2,FALSE),TODAY(),"Y") -> 18 | H69: =DATEDIF(VLOOKUP(H68,$P$18:$Q$100,2,FALSE),TODAY(),"Y") -> 20 | I69: =DATEDIF(VLOOKUP(I68,$P$18:$Q$100,2,FALSE),TODAY(),"Y") -> 21 | ... L69: =DATEDIF(VLOOKUP(L68,$P$18:$Q$100,2,FALSE),TODAY(),"Y") -> 28 | N69: =AVERAGE(B69:M69) -> 20.545455
A71: Lustenau | B71: Blazevic | C71: Nisandzic | D71: Ndukwe | E71: Lukic | F71: Mörth | G71: Nnodim | H71: Deshishku | I71: Hosiner | J71: Stöger | K71: Roider | L71: Vorsager
B72: =DATEDIF(VLOOKUP(B71,$P$18:$Q$100,2,FALSE),TODAY(),"Y") -> 19 | C72: =DATEDIF(VLOOKUP(C71,$P$18:$Q$100,2,FALSE),TODAY(),"Y") -> 19 | D72: =DATEDIF(VLOOKUP(D71,$P$18:$Q$100,2,FALSE),TODAY(),"Y") -> 18 | E72: =DATEDIF(VLOOKUP(E71,$P$18:$Q$100,2,FALSE),TODAY(),"Y") -> 20 | F72: =DATEDIF(VLOOKUP(F71,$P$18:$Q$100,2,FALSE),TODAY(),"Y") -> 19 | G72: =DATEDIF(VLOOKUP(G71,$P$18:$Q$100,2,FALSE),TODAY(),"Y") -> 18 | H72: =DATEDIF(VLOOKUP(H71,$P$18:$Q$100,2,FALSE),TODAY(),"Y") -> 18 | I72: =DATEDIF(VLOOKUP(I71,$P$18:$Q$100,2,FALSE),TODAY(),"Y") -> 37 | ... L72: =DATEDIF(VLOOKUP(L71,$P$18:$Q$100,2,FALSE),TODAY(),"Y") -> 28 | N72: =AVERAGE(B72:M72) -> 21.363636
A74: Austria | B74: Blazevic | C74: Nisandzic | D74: Ndukwe | E74: Brandt | F74: Österreicher | G74: Stöckl | H74: Jankovic | I74: Hosiner | J74: Ewemade | K74: Roider | L74: Vorsager
B75: =DATEDIF(VLOOKUP(B74,$P$18:$Q$100,2,FALSE),TODAY(),"Y") -> 19 | C75: =DATEDIF(VLOOKUP(C74,$P$18:$Q$100,2,FALSE),TODAY(),"Y") -> 19 | D75: =DATEDIF(VLOOKUP(D74,$P$18:$Q$100,2,FALSE),TODAY(),"Y") -> 18 | E75: =DATEDIF(VLOOKUP(E74,$P$18:$Q$100,2,FALSE),TODAY(),"Y") -> 20 | F75: =DATEDIF(VLOOKUP(F74,$P$18:$Q$100,2,FALSE),TODAY(),"Y") -> 20 | G75: =DATEDIF(VLOOKUP(G74,$P$18:$Q$100,2,FALSE),TODAY(),"Y") -> 19 | H75: =DATEDIF(VLOOKUP(H74,$P$18:$Q$100,2,FALSE),TODAY(),"Y") -> 21 | I75: =DATEDIF(VLOOKUP(I74,$P$18:$Q$100,2,FALSE),TODAY(),"Y") -> 37 | ... L75: =DATEDIF(VLOOKUP(L74,$P$18:$Q$100,2,FALSE),TODAY(),"Y") -> 28 | N75: =AVERAGE(B75:M75) -> 21.909091
A77: Liefering | B77: Blazevic | C77: Nisandzic | D77: Ndukwe | E77: Deshishku | F77: Österreicher | G77: Stöckl | H77: Mörth | I77: Toifl | J77: Ewemade | K77: Roider | L77: Lukic
B78: =DATEDIF(VLOOKUP(B77,$P$18:$Q$100,2,FALSE),TODAY(),"Y") -> 19 | C78: =DATEDIF(VLOOKUP(C77,$P$18:$Q$100,2,FALSE),TODAY(),"Y") -> 19 | D78: =DATEDIF(VLOOKUP(D77,$P$18:$Q$100,2,FALSE),TODAY(),"Y") -> 18 | E78: =DATEDIF(VLOOKUP(E77,$P$18:$Q$100,2,FALSE),TODAY(),"Y") -> 18 | F78: =DATEDIF(VLOOKUP(F77,$P$18:$Q$100,2,FALSE),TODAY(),"Y") -> 20 | G78: =DATEDIF(VLOOKUP(G77,$P$18:$Q$100,2,FALSE),TODAY(),"Y") -> 19 | H78: =DATEDIF(VLOOKUP(H77,$P$18:$Q$100,2,FALSE),TODAY(),"Y") -> 19 | I78: =DATEDIF(VLOOKUP(I77,$P$18:$Q$100,2,FALSE),TODAY(),"Y") -> 21 | ... L78: =DATEDIF(VLOOKUP(L77,$P$18:$Q$100,2,FALSE),TODAY(),"Y") -> 20 | N78: =AVERAGE(B78:M78) -> 19.363636
A80: FAC | B80: Blazevic | C80: Nisandzic | D80: Ilic | E80: Deshishku | F80: Nnodim | G80: Radonjic | H80: Mörth | I80: Toifl | J80: Hosiner | K80: Roider | L80: Wustinger
B81: =DATEDIF(VLOOKUP(B80,$P$18:$Q$100,2,FALSE),TODAY(),"Y") -> 19 | C81: =DATEDIF(VLOOKUP(C80,$P$18:$Q$100,2,FALSE),TODAY(),"Y") -> 19 | D81: =DATEDIF(VLOOKUP(D80,$P$18:$Q$100,2,FALSE),TODAY(),"Y") -> 21 | E81: =DATEDIF(VLOOKUP(E80,$P$18:$Q$100,2,FALSE),TODAY(),"Y") -> 18 | F81: =DATEDIF(VLOOKUP(F80,$P$18:$Q$100,2,FALSE),TODAY(),"Y") -> 18 | G81: =DATEDIF(VLOOKUP(G80,$P$18:$Q$100,2,FALSE),TODAY(),"Y") -> 20 | H81: =DATEDIF(VLOOKUP(H80,$P$18:$Q$100,2,FALSE),TODAY(),"Y") -> 19 | I81: =DATEDIF(VLOOKUP(I80,$P$18:$Q$100,2,FALSE),TODAY(),"Y") -> 21 | ... L81: =DATEDIF(VLOOKUP(L80,$P$18:$Q$100,2,FALSE),TODAY(),"Y") -> 22 | N81: =AVERAGE(B81:M81) -> 21.272727
A83: Bregenz | B83: Jusic | C83: Brandt | D83: Deshishku | E83: Mörth | F83: Nnodim | G83: Roider | H83: Toifl | I83: Lukic | J83: Stöckl | K83: Jankovic | L83: Ewemade
B84: =DATEDIF(VLOOKUP(B83,$P$18:$Q$100,2,FALSE),TODAY(),"Y") -> 21 | C84: =DATEDIF(VLOOKUP(C83,$P$18:$Q$100,2,FALSE),TODAY(),"Y") -> 20 | D84: =DATEDIF(VLOOKUP(D83,$P$18:$Q$100,2,FALSE),TODAY(),"Y") -> 18 | E84: =DATEDIF(VLOOKUP(E83,$P$18:$Q$100,2,FALSE),TODAY(),"Y") -> 19 | F84: =DATEDIF(VLOOKUP(F83,$P$18:$Q$100,2,FALSE),TODAY(),"Y") -> 18 | G84: =DATEDIF(VLOOKUP(G83,$P$18:$Q$100,2,FALSE),TODAY(),"Y") -> 20 | H84: =DATEDIF(VLOOKUP(H83,$P$18:$Q$100,2,FALSE),TODAY(),"Y") -> 21 | I84: =DATEDIF(VLOOKUP(I83,$P$18:$Q$100,2,FALSE),TODAY(),"Y") -> 20 | ... L84: =DATEDIF(VLOOKUP(L83,$P$18:$Q$100,2,FALSE),TODAY(),"Y") -> 20 | N84: =AVERAGE(B84:M84) -> 19.727273
A86: Kapfenberg | B86: Jusic | C86: Brandt | D86: Deshishku | E86: Mörth | F86: Nnodim | G86: Roider | H86: Toifl | I86: Lukic | J86: Stöckl | K86: Jankovic | L86: Hosiner
B87: =DATEDIF(VLOOKUP(B86,$P$18:$Q$100,2,FALSE),TODAY(),"Y") -> 21 | C87: =DATEDIF(VLOOKUP(C86,$P$18:$Q$100,2,FALSE),TODAY(),"Y") -> 20 | D87: =DATEDIF(VLOOKUP(D86,$P$18:$Q$100,2,FALSE),TODAY(),"Y") -> 18 | E87: =DATEDIF(VLOOKUP(E86,$P$18:$Q$100,2,FALSE),TODAY(),"Y") -> 19 | F87: =DATEDIF(VLOOKUP(F86,$P$18:$Q$100,2,FALSE),TODAY(),"Y") -> 18 | G87: =DATEDIF(VLOOKUP(G86,$P$18:$Q$100,2,FALSE),TODAY(),"Y") -> 20 | H87: =DATEDIF(VLOOKUP(H86,$P$18:$Q$100,2,FALSE),TODAY(),"Y") -> 21 | I87: =DATEDIF(VLOOKUP(I86,$P$18:$Q$100,2,FALSE),TODAY(),"Y") -> 20 | ... L87: =DATEDIF(VLOOKUP(L86,$P$18:$Q$100,2,FALSE),TODAY(),"Y") -> 37 | N87: =AVERAGE(B87:M87) -> 21.272727

Sheet WAC
N1: =AVERAGE(N3:N99) -> 20.98951
A2: St. Anna | B2: Skubl | C2: Six | D2: Schweiger | E2: Romanyuk B. | F2: Romanyuk K. | G2: Skyriotis | H2: Hajdini | I2: Ademi | J2: Agbevor | K2: Krause | L2: Durakovic
B3: =DATEDIF(VLOOKUP(B2,$P$18:$Q$100,2,FALSE),TODAY(),"Y") -> 24 | C3: =DATEDIF(VLOOKUP(C2,$P$18:$Q$100,2,FALSE),TODAY(),"Y") -> 19 | D3: =DATEDIF(VLOOKUP(D2,$P$18:$Q$100,2,FALSE),TODAY(),"Y") -> 20 | E3: =DATEDIF(VLOOKUP(E2,$P$18:$Q$100,2,FALSE),TODAY(),"Y") -> 25 | F3: =DATEDIF(VLOOKUP(F2,$P$18:$Q$100,2,FALSE),TODAY(),"Y") -> 25 | G3: =DATEDIF(VLOOKUP(G2,$P$18:$Q$100,2,FALSE),TODAY(),"Y") -> 20 | H3: =DATEDIF(VLOOKUP(H2,$P$18:$Q$100,2,FALSE),TODAY(),"Y") -> 19 | I3: =DATEDIF(VLOOKUP(I2,$P$18:$Q$100,2,FALSE),TODAY(),"Y") -> 20 | ... L3: =DATEDIF(VLOOKUP(L2,$P$18:$Q$100,2,FALSE),TODAY(),"Y") -> 19 | N3: =AVERAGE(B3:M3) -> 21.272727
A5: Treibach | B5: Skubl | C5: Six | D5: Schweiger | E5: Romanyuk B. | F5: Romanyuk K. | G5: Skyriotis | H5: Fritzer | I5: Ademi | J5: Agbevor | K5: Krause | L5: Durakovic
B6: =DATEDIF(VLOOKUP(B5,$P$18:$Q$100,2,FALSE),TODAY(),"Y") -> 24 | C6: =DATEDIF(VLOOKUP(C5,$P$18:$Q$100,2,FALSE),TODAY(),"Y") -> 19 | D6: =DATEDIF(VLOOKUP(D5,$P$18:$Q$100,2,FALSE),TODAY(),"Y") -> 20 | E6: =DATEDIF(VLOOKUP(E5,$P$18:$Q$100,2,FALSE),TODAY(),"Y") -> 25 | F6: =DATEDIF(VLOOKUP(F5,$P$18:$Q$100,2,FALSE),TODAY(),"Y") -> 25 | G6: =DATEDIF(VLOOKUP(G5,$P$18:$Q$100,2,FALSE),TODAY(),"Y") -> 20 | H6: =DATEDIF(VLOOKUP(H5,$P$18:$Q$100,2,FALSE),TODAY(),"Y") -> 22 | I6: =DATEDIF(VLOOKUP(I5,$P$18:$Q$100,2,FALSE),TODAY(),"Y") -> 20 | ... L6: =DATEDIF(VLOOKUP(L5,$P$18:$Q$100,2,FALSE),TODAY(),"Y") -> 19 | N6: =AVERAGE(B6:M6) -> 21.545455
A8: JWR | B8: Skubl | C8: Six | D8: Schweiger | E8: Romanyuk B. | F8: Romanyuk K. | G8: Skyriotis | H8: Hajdini | I8: Ademi | J8: Agbevor | K8: Krause | L8: Durakovic
B9: =DATEDIF(VLOOKUP(B8,$P$18:$Q$100,2,FALSE),TODAY(),"Y") -> 24 | C9: =DATEDIF(VLOOKUP(C8,$P$18:$Q$100,2,FALSE),TODAY(),"Y") -> 19 | D9: =DATEDIF(VLOOKUP(D8,$P$18:$Q$100,2,FALSE),TODAY(),"Y") -> 20 | E9: =DATEDIF(VLOOKUP(E8,$P$18:$Q$100,2,FALSE),TODAY(),"Y") -> 25 | F9: =DATEDIF(VLOOKUP(F8,$P$18:$Q$100,2,FALSE),TODAY(),"Y") -> 25 | G9: =DATEDIF(VLOOKUP(G8,$P$18:$Q$100,2,FALSE),TODAY(),"Y") -> 20 | H9: =DATEDIF(VLOOKUP(H8,$P$18:$Q$100,2,FALSE),TODAY(),"Y") -> 19 | I9: =DATEDIF(VLOOKUP(I8,$P$18:$Q$100,2,FALSE),TODAY(),"Y") -> 20 | ... L9: =DATEDIF(VLOOKUP(L8,$P$18:$Q$100,2,FALSE),TODAY(),"Y") -> 19 | N9: =AVERAGE(B9:M9) -> 21.272727
A11: Velden | B11: Skubl | C11: Six | D11: Schweiger | E11: Romanyuk B. | F11: Romanyuk K. | G11: Fritzer | H11: Hajdini | I11: Ademi | J11: Agbevor | K11: Ramsbacher | L11: Durakovic
B12: =DATEDIF(VLOOKUP(B11,$P$18:$Q$100,2,FALSE),TODAY(),"Y") -> 24 | C12: =DATEDIF(VLOOKUP(C11,$P$18:$Q$100,2,FALSE),TODAY(),"Y") -> 19 | D12: =DATEDIF(VLOOKUP(D11,$P$18:$Q$100,2,FALSE),TODAY(),"Y") -> 20 | E12: =DATEDIF(VLOOKUP(E11,$P$18:$Q$100,2,FALSE),TODAY(),"Y") -> 25 | F12: =DATEDIF(VLOOKUP(F11,$P$18:$Q$100,2,FALSE),TODAY(),"Y") -> 25 | G12: =DATEDIF(VLOOKUP(G11,$P$18:$Q$100,2,FALSE),TODAY(),"Y") -> 22 | H12: =DATEDIF(VLOOKUP(H11,$P$18:$Q$100,2,FALSE),TODAY(),"Y") -> 19 | I12: =DATEDIF(VLOOKUP(I11,$P$18:$Q$100,2,FALSE),TODAY(),"Y") -> 20 | ... L12: =DATEDIF(VLOOKUP(L11,$P$18:$Q$100,2,FALSE),TODAY(),"Y") -> 19 | N12: =AVERAGE(B12:M12) -> 21.181818
A14: Oedt | B14: Müller | C14: Six | D14: Schweiger | E14: Romanyuk B. | F14: Romanyuk K. | G14: Fritzer | H14: Pejic | I14: Puff | J14: Agbevor | K14: Ramsbacher | L14: Durakovic
B15: =DATEDIF(VLOOKUP(B14,$P$18:$Q$100,2,FALSE),TODAY(),"Y") -> 20 | C15: =DATEDIF(VLOOKUP(C14,$P$18:$Q$100,2,FALSE),TODAY(),"Y") -> 19 | D15: =DATEDIF(VLOOKUP(D14,$P$18:$Q$100,2,FALSE),TODAY(),"Y") -> 20 | E15: =DATEDIF(VLOOKUP(E14,$P$18:$Q$100,2,FALSE),TODAY(),"Y") -> 25 | F15: =DATEDIF(VLOOKUP(F14,$P$18:$Q$100,2,FALSE),TODAY(),"Y") -> 25 | G15: =DATEDIF(VLOOKUP(G14,$P$18:$Q$100,2,FALSE),TODAY(),"Y") -> 22 | H15: =DATEDIF(VLOOKUP(H14,$P$18:$Q$100,2,FALSE),TODAY(),"Y") -> 21 | I15: =DATEDIF(VLOOKUP(I14,$P$18:$Q$100,2,FALSE),TODAY(),"Y") -> 20 | ... L15: =DATEDIF(VLOOKUP(L14,$P$18:$Q$100,2,FALSE),TODAY(),"Y") -> 19 | N15: =AVERAGE(B15:L15) -> 21
A17: Gurten | B17: Müller | C17: Chukwu | D17: Schweiger | E17: Hajdini | F17: Romanyuk K. | G17: Krause | H17: Drame | I17: Ademi | J17: Agbevor | K17: Ramsbacher | L17: Durakovic
B18: =DATEDIF(VLOOKUP(B17,$P$18:$Q$100,2,FALSE),TODAY(),"Y") -> 20 | C18: =DATEDIF(VLOOKUP(C17,$P$18:$Q$100,2,FALSE),TODAY(),"Y") -> 19 | D18: =DATEDIF(VLOOKUP(D17,$P$18:$Q$100,2,FALSE),TODAY(),"Y") -> 20 | E18: =DATEDIF(VLOOKUP(E17,$P$18:$Q$100,2,FALSE),TODAY(),"Y") -> 19 | F18: =DATEDIF(VLOOKUP(F17,$P$18:$Q$100,2,FALSE),TODAY(),"Y") -> 25 | G18: =DATEDIF(VLOOKUP(G17,$P$18:$Q$100,2,FALSE),TODAY(),"Y") -> 21 | H18: =DATEDIF(VLOOKUP(H17,$P$18:$Q$100,2,FALSE),TODAY(),"Y") -> 21 | I18: =DATEDIF(VLOOKUP(I17,$P$18:$Q$100,2,FALSE),TODAY(),"Y") -> 20 | ... L18: =DATEDIF(VLOOKUP(L17,$P$18:$Q$100,2,FALSE),TODAY(),"Y") -> 19 | N18: =AVERAGE(B18:L18) -> 20.363636 | P18: Skubl | Q18: 37152 | T18: 33
P19: Six | Q19: 38876
A20: Wallern | B20: Vogt | C20: Ademi | D20: Schweiger | E20: Hajdini | F20: Romanyuk K. | G20: Romanyuk B. | H20: Dosso | I20: Skyriotis | J20: Agbevor | K20: Ramsbacher | L20: Six | P20: Schweiger | Q20: 38589
B21: =DATEDIF(VLOOKUP(B20,$P$18:$Q$100,2,FALSE),TODAY(),"Y") -> 17 | C21: =DATEDIF(VLOOKUP(C20,$P$18:$Q$100,2,FALSE),TODAY(),"Y") -> 20 | D21: =DATEDIF(VLOOKUP(D20,$P$18:$Q$100,2,FALSE),TODAY(),"Y") -> 20 | E21: =DATEDIF(VLOOKUP(E20,$P$18:$Q$100,2,FALSE),TODAY(),"Y") -> 19 | F21: =DATEDIF(VLOOKUP(F20,$P$18:$Q$100,2,FALSE),TODAY(),"Y") -> 25 | G21: =DATEDIF(VLOOKUP(G20,$P$18:$Q$100,2,FALSE),TODAY(),"Y") -> 25 | H21: =DATEDIF(VLOOKUP(H20,$P$18:$Q$100,2,FALSE),TODAY(),"Y") -> 20 | I21: =DATEDIF(VLOOKUP(I20,$P$18:$Q$100,2,FALSE),TODAY(),"Y") -> 20 | ... L21: =DATEDIF(VLOOKUP(L20,$P$18:$Q$100,2,FALSE),TODAY(),"Y") -> 19 | N21: =AVERAGE(B21:L21) -> 20.454545 | P21: Romanyuk B. | Q21: 36971
P22: Romanyuk K. | Q22: 36971
A23: Weiz | B23: Müller | C23: Ademi | D23: Schweiger | E23: Hajdini | F23: Romanyuk K. | G23: Romanyuk B. | H23: Kojzek | I23: Skyriotis | J23: Agbevor | K23: Ramsbacher | L23: Six | P23: Hajdini | Q23: 38962
B24: =DATEDIF(VLOOKUP(B23,$P$18:$Q$100,2,FALSE),TODAY(),"Y") -> 20 | C24: =DATEDIF(VLOOKUP(C23,$P$18:$Q$100,2,FALSE),TODAY(),"Y") -> 20 | D24: =DATEDIF(VLOOKUP(D23,$P$18:$Q$100,2,FALSE),TODAY(),"Y") -> 20 | E24: =DATEDIF(VLOOKUP(E23,$P$18:$Q$100,2,FALSE),TODAY(),"Y") -> 19 | F24: =DATEDIF(VLOOKUP(F23,$P$18:$Q$100,2,FALSE),TODAY(),"Y") -> 25 | G24: =DATEDIF(VLOOKUP(G23,$P$18:$Q$100,2,FALSE),TODAY(),"Y") -> 25 | H24: =DATEDIF(VLOOKUP(H23,$P$18:$Q$100,2,FALSE),TODAY(),"Y") -> 20 | I24: =DATEDIF(VLOOKUP(I23,$P$18:$Q$100,2,FALSE),TODAY(),"Y") -> 20 | ... L24: =DATEDIF(VLOOKUP(L23,$P$18:$Q$100,2,FALSE),TODAY(),"Y") -> 19 | N24: =AVERAGE(B24:L24) -> 20.727273 | P24: Skyriotis | Q24: 38807
P25: Ademi | Q25: 38742
A26: Deutschlandsberg | B26: Müller | C26: Ademi | D26: Schweiger | E26: Hajdini | F26: Romanyuk K. | G26: Romanyuk B. | H26: Dosso | I26: Skyriotis | J26: Agbevor | K26: Gruber | L26: Six | P26: Agbevor | Q26: 37974
B27: =DATEDIF(VLOOKUP(B26,$P$18:$Q$100,2,FALSE),TODAY(),"Y") -> 20 | C27: =DATEDIF(VLOOKUP(C26,$P$18:$Q$100,2,FALSE),TODAY(),"Y") -> 20 | D27: =DATEDIF(VLOOKUP(D26,$P$18:$Q$100,2,FALSE),TODAY(),"Y") -> 20 | E27: =DATEDIF(VLOOKUP(E26,$P$18:$Q$100,2,FALSE),TODAY(),"Y") -> 19 | F27: =DATEDIF(VLOOKUP(F26,$P$18:$Q$100,2,FALSE),TODAY(),"Y") -> 25 | G27: =DATEDIF(VLOOKUP(G26,$P$18:$Q$100,2,FALSE),TODAY(),"Y") -> 25 | H27: =DATEDIF(VLOOKUP(H26,$P$18:$Q$100,2,FALSE),TODAY(),"Y") -> 20 | I27: =DATEDIF(VLOOKUP(I26,$P$18:$Q$100,2,FALSE),TODAY(),"Y") -> 20 | ... L27: =DATEDIF(VLOOKUP(L26,$P$18:$Q$100,2,FALSE),TODAY(),"Y") -> 19 | N27: =AVERAGE(B27:L27) -> 21 | P27: Krause | Q27: 38149
P28: Durakovic | Q28: 39101
A29: Gleisdorf | B29: Müller | C29: Harrison | D29: Schweiger | E29: Hajdini | F29: Romanyuk K. | G29: Drame | H29: Dosso | I29: Skyriotis | J29: Agbevor | K29: Gruber | L29: Six | P29: Fritzer | Q29: 38051
B30: =DATEDIF(VLOOKUP(B29,$P$18:$Q$100,2,FALSE),TODAY(),"Y") -> 20 | C30: =DATEDIF(VLOOKUP(C29,$P$18:$Q$100,2,FALSE),TODAY(),"Y") -> 20 | D30: =DATEDIF(VLOOKUP(D29,$P$18:$Q$100,2,FALSE),TODAY(),"Y") -> 20 | E30: =DATEDIF(VLOOKUP(E29,$P$18:$Q$100,2,FALSE),TODAY(),"Y") -> 19 | F30: =DATEDIF(VLOOKUP(F29,$P$18:$Q$100,2,FALSE),TODAY(),"Y") -> 25 | G30: =DATEDIF(VLOOKUP(G29,$P$18:$Q$100,2,FALSE),TODAY(),"Y") -> 21 | H30: =DATEDIF(VLOOKUP(H29,$P$18:$Q$100,2,FALSE),TODAY(),"Y") -> 20 | I30: =DATEDIF(VLOOKUP(I29,$P$18:$Q$100,2,FALSE),TODAY(),"Y") -> 20 | ... L30: =DATEDIF(VLOOKUP(L29,$P$18:$Q$100,2,FALSE),TODAY(),"Y") -> 19 | N30: =AVERAGE(B30:L30) -> 20.636364 | P30: Ramsbacher | Q30: 39287
P31: Müller | Q31: 38595
A32: Lafnitz | B32: Müller | C32: Ademi | D32: Schweiger | E32: Kujrakovic | F32: Romanyuk K. | G32: Romanyuk B. | H32: Dosso | I32: Skyriotis | J32: Agbevor | K32: Gruber | L32: Six | P32: Pejic | Q32: 38141
B33: =DATEDIF(VLOOKUP(B32,$P$18:$Q$100,2,FALSE),TODAY(),"Y") -> 20 | C33: =DATEDIF(VLOOKUP(C32,$P$18:$Q$100,2,FALSE),TODAY(),"Y") -> 20 | D33: =DATEDIF(VLOOKUP(D32,$P$18:$Q$100,2,FALSE),TODAY(),"Y") -> 20 | E33: =DATEDIF(VLOOKUP(E32,$P$18:$Q$100,2,FALSE),TODAY(),"Y") -> 20 | F33: =DATEDIF(VLOOKUP(F32,$P$18:$Q$100,2,FALSE),TODAY(),"Y") -> 25 | G33: =DATEDIF(VLOOKUP(G32,$P$18:$Q$100,2,FALSE),TODAY(),"Y") -> 25 | H33: =DATEDIF(VLOOKUP(H32,$P$18:$Q$100,2,FALSE),TODAY(),"Y") -> 20 | I33: =DATEDIF(VLOOKUP(I32,$P$18:$Q$100,2,FALSE),TODAY(),"Y") -> 20 | ... L33: =DATEDIF(VLOOKUP(L32,$P$18:$Q$100,2,FALSE),TODAY(),"Y") -> 19 | N33: =AVERAGE(B33:L33) -> 21.090909 | P33: Puff | Q33: 38563
P34: Chukwu | Q34: 39028
A35: LASK | B35: Müller | C35: Gruber | D35: Schweiger | E35: Dosso | F35: Romanyuk K. | G35: Harrison | H35: Schandl | I35: Skyriotis | J35: Agbevor | K35: Drame | L35: Six | P35: Drame | Q35: 38357
B36: =DATEDIF(VLOOKUP(B35,$P$18:$Q$100,2,FALSE),TODAY(),"Y") -> 20 | C36: =DATEDIF(VLOOKUP(C35,$P$18:$Q$100,2,FALSE),TODAY(),"Y") -> 21 | D36: =DATEDIF(VLOOKUP(D35,$P$18:$Q$100,2,FALSE),TODAY(),"Y") -> 20 | E36: =DATEDIF(VLOOKUP(E35,$P$18:$Q$100,2,FALSE),TODAY(),"Y") -> 20 | F36: =DATEDIF(VLOOKUP(F35,$P$18:$Q$100,2,FALSE),TODAY(),"Y") -> 25 | G36: =DATEDIF(VLOOKUP(G35,$P$18:$Q$100,2,FALSE),TODAY(),"Y") -> 20 | H36: =DATEDIF(VLOOKUP(H35,$P$18:$Q$100,2,FALSE),TODAY(),"Y") -> 19 | I36: =DATEDIF(VLOOKUP(I35,$P$18:$Q$100,2,FALSE),TODAY(),"Y") -> 20 | ... L36: =DATEDIF(VLOOKUP(L35,$P$18:$Q$100,2,FALSE),TODAY(),"Y") -> 19 | N36: =AVERAGE(B36:L36) -> 20.636364 | P36: Dosso | Q36: 38587
P37: Vogt | Q37: 39590
A38: Dietach | B38: Müller | C38: Fritzer | D38: Schweiger | E38: Dosso | F38: Romanyuk B. | G38: Harrison | H38: Schandl | I38: Skyriotis | J38: Agbevor | K38: Drame | L38: Six | P38: Kojzek | Q38: 38719
B39: =DATEDIF(VLOOKUP(B38,$P$18:$Q$100,2,FALSE),TODAY(),"Y") -> 20 | C39: =DATEDIF(VLOOKUP(C38,$P$18:$Q$100,2,FALSE),TODAY(),"Y") -> 22 | D39: =DATEDIF(VLOOKUP(D38,$P$18:$Q$100,2,FALSE),TODAY(),"Y") -> 20 | E39: =DATEDIF(VLOOKUP(E38,$P$18:$Q$100,2,FALSE),TODAY(),"Y") -> 20 | F39: =DATEDIF(VLOOKUP(F38,$P$18:$Q$100,2,FALSE),TODAY(),"Y") -> 25 | G39: =DATEDIF(VLOOKUP(G38,$P$18:$Q$100,2,FALSE),TODAY(),"Y") -> 20 | H39: =DATEDIF(VLOOKUP(H38,$P$18:$Q$100,2,FALSE),TODAY(),"Y") -> 19 | I39: =DATEDIF(VLOOKUP(I38,$P$18:$Q$100,2,FALSE),TODAY(),"Y") -> 20 | ... L39: =DATEDIF(VLOOKUP(L38,$P$18:$Q$100,2,FALSE),TODAY(),"Y") -> 19 | N39: =AVERAGE(B39:L39) -> 20.727273 | P39: Gruber | Q39: 38362
P40: Harrison | Q40: 38650
A41: Kalsdorf | B41: Skubl | C41: Gruber | D41: Schweiger | E41: Dosso | F41: Romanyuk B. | G41: Harrison | H41: Schandl | I41: Skyriotis | J41: Zuo | K41: Drame | L41: Six | P41: Kujrakovic | Q41: 38829
B42: =DATEDIF(VLOOKUP(B41,$P$18:$Q$100,2,FALSE),TODAY(),"Y") -> 24 | C42: =DATEDIF(VLOOKUP(C41,$P$18:$Q$100,2,FALSE),TODAY(),"Y") -> 21 | D42: =DATEDIF(VLOOKUP(D41,$P$18:$Q$100,2,FALSE),TODAY(),"Y") -> 20 | E42: =DATEDIF(VLOOKUP(E41,$P$18:$Q$100,2,FALSE),TODAY(),"Y") -> 20 | F42: =DATEDIF(VLOOKUP(F41,$P$18:$Q$100,2,FALSE),TODAY(),"Y") -> 25 | G42: =DATEDIF(VLOOKUP(G41,$P$18:$Q$100,2,FALSE),TODAY(),"Y") -> 20 | H42: =DATEDIF(VLOOKUP(H41,$P$18:$Q$100,2,FALSE),TODAY(),"Y") -> 19 | I42: =DATEDIF(VLOOKUP(I41,$P$18:$Q$100,2,FALSE),TODAY(),"Y") -> 20 | ... L42: =DATEDIF(VLOOKUP(L41,$P$18:$Q$100,2,FALSE),TODAY(),"Y") -> 19 | N42: =AVERAGE(B42:L42) -> 20.909091 | P42: Schandl | Q42: 39108
P43: Zuo | Q43: 38417
A44: Voitsberg | B44: Skubl | C44: Gruber | D44: Schweiger | E44: Rabok | F44: Romanyuk B. | G44: Harrison | H44: Raymond | I44: Skyriotis | J44: Schandl | K44: Drame | L44: Six | P44: Rabok | Q44: 38342
B45: =DATEDIF(VLOOKUP(B44,$P$18:$Q$100,2,FALSE),TODAY(),"Y") -> 24 | C45: =DATEDIF(VLOOKUP(C44,$P$18:$Q$100,2,FALSE),TODAY(),"Y") -> 21 | D45: =DATEDIF(VLOOKUP(D44,$P$18:$Q$100,2,FALSE),TODAY(),"Y") -> 20 | E45: =DATEDIF(VLOOKUP(E44,$P$18:$Q$100,2,FALSE),TODAY(),"Y") -> 21 | F45: =DATEDIF(VLOOKUP(F44,$P$18:$Q$100,2,FALSE),TODAY(),"Y") -> 25 | G45: =DATEDIF(VLOOKUP(G44,$P$18:$Q$100,2,FALSE),TODAY(),"Y") -> 20 | H45: =DATEDIF(VLOOKUP(H44,$P$18:$Q$100,2,FALSE),TODAY(),"Y") -> 22 | I45: =DATEDIF(VLOOKUP(I44,$P$18:$Q$100,2,FALSE),TODAY(),"Y") -> 20 | ... L45: =DATEDIF(VLOOKUP(L44,$P$18:$Q$100,2,FALSE),TODAY(),"Y") -> 19 | N45: =AVERAGE(B45:L45) -> 21.090909 | P45: Raymond | Q45: 37955
P46: Antonitsch | Q46: 39276
A47: St. Anna | B47: Skubl | C47: Fritzer | D47: Schweiger | E47: Rabok | F47: Romanyuk B. | G47: Harrison | H47: Hajdini | I47: Krause | J47: Romanyuk K. | K47: Durakovic | L47: Ramsbacher | P47: Morgenstern | Q47: 36921
B48: =DATEDIF(VLOOKUP(B47,$P$18:$Q$100,2,FALSE),TODAY(),"Y") -> 24 | C48: =DATEDIF(VLOOKUP(C47,$P$18:$Q$100,2,FALSE),TODAY(),"Y") -> 22 | D48: =DATEDIF(VLOOKUP(D47,$P$18:$Q$100,2,FALSE),TODAY(),"Y") -> 20 | E48: =DATEDIF(VLOOKUP(E47,$P$18:$Q$100,2,FALSE),TODAY(),"Y") -> 21 | F48: =DATEDIF(VLOOKUP(F47,$P$18:$Q$100,2,FALSE),TODAY(),"Y") -> 25 | G48: =DATEDIF(VLOOKUP(G47,$P$18:$Q$100,2,FALSE),TODAY(),"Y") -> 20 | H48: =DATEDIF(VLOOKUP(H47,$P$18:$Q$100,2,FALSE),TODAY(),"Y") -> 19 | I48: =DATEDIF(VLOOKUP(I47,$P$18:$Q$100,2,FALSE),TODAY(),"Y") -> 21 | ... L48: =DATEDIF(VLOOKUP(L47,$P$18:$Q$100,2,FALSE),TODAY(),"Y") -> 18 | N48: =AVERAGE(B48:L48) -> 21.272727 | P48: Djuric | Q48: 38795
P49: Drabo | Q49: 38708
A50: Treibach | B50: Skubl | C50: Fritzer | D50: Schweiger | E50: Rabok | F50: Antonitsch | G50: Harrison | H50: Hajdini | I50: Krause | J50: Romanyuk K. | K50: Durakovic | L50: Ramsbacher | P50: Dermane | Q50: 39042
B51: =DATEDIF(VLOOKUP(B50,$P$18:$Q$100,2,FALSE),TODAY(),"Y") -> 24 | C51: =DATEDIF(VLOOKUP(C50,$P$18:$Q$100,2,FALSE),TODAY(),"Y") -> 22 | D51: =DATEDIF(VLOOKUP(D50,$P$18:$Q$100,2,FALSE),TODAY(),"Y") -> 20 | E51: =DATEDIF(VLOOKUP(E50,$P$18:$Q$100,2,FALSE),TODAY(),"Y") -> 21 | F51: =DATEDIF(VLOOKUP(F50,$P$18:$Q$100,2,FALSE),TODAY(),"Y") -> 18 | G51: =DATEDIF(VLOOKUP(G50,$P$18:$Q$100,2,FALSE),TODAY(),"Y") -> 20 | H51: =DATEDIF(VLOOKUP(H50,$P$18:$Q$100,2,FALSE),TODAY(),"Y") -> 19 | I51: =DATEDIF(VLOOKUP(I50,$P$18:$Q$100,2,FALSE),TODAY(),"Y") -> 21 | ... L51: =DATEDIF(VLOOKUP(L50,$P$18:$Q$100,2,FALSE),TODAY(),"Y") -> 18 | N51: =AVERAGE(B51:L51) -> 20.636364
A53: JWR | B53: Skubl | C53: Chukwu | D53: Schweiger | E53: Rabok | F53: Djuric | G53: Morgenstern | H53: Hajdini | I53: Krause | J53: Romanyuk K. | K53: Drame | L53: Ramsbacher
B54: =DATEDIF(VLOOKUP(B53,$P$18:$Q$100,2,FALSE),TODAY(),"Y") -> 24 | C54: =DATEDIF(VLOOKUP(C53,$P$18:$Q$100,2,FALSE),TODAY(),"Y") -> 19 | D54: =DATEDIF(VLOOKUP(D53,$P$18:$Q$100,2,FALSE),TODAY(),"Y") -> 20 | E54: =DATEDIF(VLOOKUP(E53,$P$18:$Q$100,2,FALSE),TODAY(),"Y") -> 21 | F54: =DATEDIF(VLOOKUP(F53,$P$18:$Q$100,2,FALSE),TODAY(),"Y") -> 20 | G54: =DATEDIF(VLOOKUP(G53,$P$18:$Q$100,2,FALSE),TODAY(),"Y") -> 25 | H54: =DATEDIF(VLOOKUP(H53,$P$18:$Q$100,2,FALSE),TODAY(),"Y") -> 19 | I54: =DATEDIF(VLOOKUP(I53,$P$18:$Q$100,2,FALSE),TODAY(),"Y") -> 21 | ... L54: =DATEDIF(VLOOKUP(L53,$P$18:$Q$100,2,FALSE),TODAY(),"Y") -> 18 | N54: =AVERAGE(B54:L54) -> 21.181818
A56: Velden | B56: Skubl | C56: Fritzer | D56: Schweiger | E56: Rabok | F56: Ademi | G56: Romanyuk B. | H56: Pejic | I56: Krause | J56: Romanyuk K. | K56: Schandl | L56: Ramsbacher
B57: =DATEDIF(VLOOKUP(B56,$P$18:$Q$100,2,FALSE),TODAY(),"Y") -> 24 | C57: =DATEDIF(VLOOKUP(C56,$P$18:$Q$100,2,FALSE),TODAY(),"Y") -> 22 | D57: =DATEDIF(VLOOKUP(D56,$P$18:$Q$100,2,FALSE),TODAY(),"Y") -> 20 | E57: =DATEDIF(VLOOKUP(E56,$P$18:$Q$100,2,FALSE),TODAY(),"Y") -> 21 | F57: =DATEDIF(VLOOKUP(F56,$P$18:$Q$100,2,FALSE),TODAY(),"Y") -> 20 | G57: =DATEDIF(VLOOKUP(G56,$P$18:$Q$100,2,FALSE),TODAY(),"Y") -> 25 | H57: =DATEDIF(VLOOKUP(H56,$P$18:$Q$100,2,FALSE),TODAY(),"Y") -> 21 | I57: =DATEDIF(VLOOKUP(I56,$P$18:$Q$100,2,FALSE),TODAY(),"Y") -> 21 | ... L57: =DATEDIF(VLOOKUP(L56,$P$18:$Q$100,2,FALSE),TODAY(),"Y") -> 18 | N57: =AVERAGE(B57:L57) -> 21.454545
A59: Oedt | B59: Müller | C59: Fritzer | D59: Schweiger | E59: Raymond | F59: Ademi | G59: Romanyuk B. | H59: Pejic | I59: Durakovic | J59: Romanyuk K. | K59: Drabo | L59: Dermane
B60: =DATEDIF(VLOOKUP(B59,$P$18:$Q$100,2,FALSE),TODAY(),"Y") -> 20 | C60: =DATEDIF(VLOOKUP(C59,$P$18:$Q$100,2,FALSE),TODAY(),"Y") -> 22 | D60: =DATEDIF(VLOOKUP(D59,$P$18:$Q$100,2,FALSE),TODAY(),"Y") -> 20 | E60: =DATEDIF(VLOOKUP(E59,$P$18:$Q$100,2,FALSE),TODAY(),"Y") -> 22 | F60: =DATEDIF(VLOOKUP(F59,$P$18:$Q$100,2,FALSE),TODAY(),"Y") -> 20 | G60: =DATEDIF(VLOOKUP(G59,$P$18:$Q$100,2,FALSE),TODAY(),"Y") -> 25 | H60: =DATEDIF(VLOOKUP(H59,$P$18:$Q$100,2,FALSE),TODAY(),"Y") -> 21 | I60: =DATEDIF(VLOOKUP(I59,$P$18:$Q$100,2,FALSE),TODAY(),"Y") -> 19 | ... L60: =DATEDIF(VLOOKUP(L59,$P$18:$Q$100,2,FALSE),TODAY(),"Y") -> 19 | N60: =AVERAGE(B60:L60) -> 21.181818
A62: Gurten | B62: Skubl | C62: Djuric | D62: Schweiger | E62: Raymond | F62: Durakovic | G62: Romanyuk B. | H62: Pejic | I62: Chukwu | J62: Krause | K62: Drabo | L62: Drame
B63: =DATEDIF(VLOOKUP(B62,$P$18:$Q$100,2,FALSE),TODAY(),"Y") -> 24 | C63: =DATEDIF(VLOOKUP(C62,$P$18:$Q$100,2,FALSE),TODAY(),"Y") -> 20 | D63: =DATEDIF(VLOOKUP(D62,$P$18:$Q$100,2,FALSE),TODAY(),"Y") -> 20 | E63: =DATEDIF(VLOOKUP(E62,$P$18:$Q$100,2,FALSE),TODAY(),"Y") -> 22 | F63: =DATEDIF(VLOOKUP(F62,$P$18:$Q$100,2,FALSE),TODAY(),"Y") -> 19 | G63: =DATEDIF(VLOOKUP(G62,$P$18:$Q$100,2,FALSE),TODAY(),"Y") -> 25 | H63: =DATEDIF(VLOOKUP(H62,$P$18:$Q$100,2,FALSE),TODAY(),"Y") -> 21 | I63: =DATEDIF(VLOOKUP(I62,$P$18:$Q$100,2,FALSE),TODAY(),"Y") -> 19 | ... L63: =DATEDIF(VLOOKUP(L62,$P$18:$Q$100,2,FALSE),TODAY(),"Y") -> 21 | N63: =AVERAGE(B63:L63) -> 21.090909
A65: Wallern | B65: Skubl | C65: Harrison | D65: Schweiger | E65: Rabok | F65: Ademi | G65: Romanyuk K. | H65: Morgenstern | I65: Schandl | J65: Krause | K65: Drabo | L65: Drame
B66: =DATEDIF(VLOOKUP(B65,$P$18:$Q$100,2,FALSE),TODAY(),"Y") -> 24 | C66: =DATEDIF(VLOOKUP(C65,$P$18:$Q$100,2,FALSE),TODAY(),"Y") -> 20 | D66: =DATEDIF(VLOOKUP(D65,$P$18:$Q$100,2,FALSE),TODAY(),"Y") -> 20 | E66: =DATEDIF(VLOOKUP(E65,$P$18:$Q$100,2,FALSE),TODAY(),"Y") -> 21 | F66: =DATEDIF(VLOOKUP(F65,$P$18:$Q$100,2,FALSE),TODAY(),"Y") -> 20 | G66: =DATEDIF(VLOOKUP(G65,$P$18:$Q$100,2,FALSE),TODAY(),"Y") -> 25 | H66: =DATEDIF(VLOOKUP(H65,$P$18:$Q$100,2,FALSE),TODAY(),"Y") -> 25 | I66: =DATEDIF(VLOOKUP(I65,$P$18:$Q$100,2,FALSE),TODAY(),"Y") -> 19 | ... L66: =DATEDIF(VLOOKUP(L65,$P$18:$Q$100,2,FALSE),TODAY(),"Y") -> 21 | N66: =AVERAGE(B66:L66) -> 21.454545
A68: Weiz | B68: Müller | C68: Harrison | D68: Schweiger | E68: Rabok | F68: Ademi | G68: Romanyuk K. | H68: Romanyuk B. | I68: Schandl | J68: Krause | K68: Fritzer | L68: Ramsbacher
B69: =DATEDIF(VLOOKUP(B68,$P$18:$Q$100,2,FALSE),TODAY(),"Y") -> 20 | C69: =DATEDIF(VLOOKUP(C68,$P$18:$Q$100,2,FALSE),TODAY(),"Y") -> 20 | D69: =DATEDIF(VLOOKUP(D68,$P$18:$Q$100,2,FALSE),TODAY(),"Y") -> 20 | E69: =DATEDIF(VLOOKUP(E68,$P$18:$Q$100,2,FALSE),TODAY(),"Y") -> 21 | F69: =DATEDIF(VLOOKUP(F68,$P$18:$Q$100,2,FALSE),TODAY(),"Y") -> 20 | G69: =DATEDIF(VLOOKUP(G68,$P$18:$Q$100,2,FALSE),TODAY(),"Y") -> 25 | H69: =DATEDIF(VLOOKUP(H68,$P$18:$Q$100,2,FALSE),TODAY(),"Y") -> 25 | I69: =DATEDIF(VLOOKUP(I68,$P$18:$Q$100,2,FALSE),TODAY(),"Y") -> 19 | ... L69: =DATEDIF(VLOOKUP(L68,$P$18:$Q$100,2,FALSE),TODAY(),"Y") -> 18 | N69: =AVERAGE(B69:L69) -> 21
A71: Gleisdorf | B71: Müller | C71: Fritzer | D71: Rabok | E71: Hajdini | F71: Ademi | G71: Krause | H71: Romanyuk K. | I71: Romanyuk B. | J71: Drabo | K71: Schandl | L71: Ramsbacher
B72: =DATEDIF(VLOOKUP(B71,$P$18:$Q$100,2,FALSE),TODAY(),"Y") -> 20 | C72: =DATEDIF(VLOOKUP(C71,$P$18:$Q$100,2,FALSE),TODAY(),"Y") -> 22 | D72: =DATEDIF(VLOOKUP(D71,$P$18:$Q$100,2,FALSE),TODAY(),"Y") -> 21 | E72: =DATEDIF(VLOOKUP(E71,$P$18:$Q$100,2,FALSE),TODAY(),"Y") -> 19 | F72: =DATEDIF(VLOOKUP(F71,$P$18:$Q$100,2,FALSE),TODAY(),"Y") -> 20 | G72: =DATEDIF(VLOOKUP(G71,$P$18:$Q$100,2,FALSE),TODAY(),"Y") -> 21 | H72: =DATEDIF(VLOOKUP(H71,$P$18:$Q$100,2,FALSE),TODAY(),"Y") -> 25 | I72: =DATEDIF(VLOOKUP(I71,$P$18:$Q$100,2,FALSE),TODAY(),"Y") -> 25 | ... L72: =DATEDIF(VLOOKUP(L71,$P$18:$Q$100,2,FALSE),TODAY(),"Y") -> 18 | N72: =AVERAGE(B72:L72) -> 20.909091
A74: Lafnitz | B74: Müller | C74: Fritzer | D74: Hajdini | E74: Ademi | F74: Schweiger | G74: Krause | H74: Romanyuk K. | I74: Romanyuk B. | J74: Drabo | K74: Ramsbacher | L74: Dermane
B75: =DATEDIF(VLOOKUP(B74,$P$18:$Q$100,2,FALSE),TODAY(),"Y") -> 20 | C75: =DATEDIF(VLOOKUP(C74,$P$18:$Q$100,2,FALSE),TODAY(),"Y") -> 22 | D75: =DATEDIF(VLOOKUP(D74,$P$18:$Q$100,2,FALSE),TODAY(),"Y") -> 19 | E75: =DATEDIF(VLOOKUP(E74,$P$18:$Q$100,2,FALSE),TODAY(),"Y") -> 20 | F75: =DATEDIF(VLOOKUP(F74,$P$18:$Q$100,2,FALSE),TODAY(),"Y") -> 20 | G75: =DATEDIF(VLOOKUP(G74,$P$18:$Q$100,2,FALSE),TODAY(),"Y") -> 21 | H75: =DATEDIF(VLOOKUP(H74,$P$18:$Q$100,2,FALSE),TODAY(),"Y") -> 25 | I75: =DATEDIF(VLOOKUP(I74,$P$18:$Q$100,2,FALSE),TODAY(),"Y") -> 25 | ... L75: =DATEDIF(VLOOKUP(L74,$P$18:$Q$100,2,FALSE),TODAY(),"Y") -> 19 | N75: =AVERAGE(B75:L75) -> 20.818182
A77: LASK | B77: Skubl | C77: Fritzer | D77: Hajdini | E77: Ademi | F77: Schweiger | G77: Krause | H77: Romanyuk K. | I77: Pejic | J77: Drabo | K77: Ramsbacher | L77: Dermane
B78: =DATEDIF(VLOOKUP(B77,$P$18:$Q$100,2,FALSE),TODAY(),"Y") -> 24 | C78: =DATEDIF(VLOOKUP(C77,$P$18:$Q$100,2,FALSE),TODAY(),"Y") -> 22 | D78: =DATEDIF(VLOOKUP(D77,$P$18:$Q$100,2,FALSE),TODAY(),"Y") -> 19 | E78: =DATEDIF(VLOOKUP(E77,$P$18:$Q$100,2,FALSE),TODAY(),"Y") -> 20 | F78: =DATEDIF(VLOOKUP(F77,$P$18:$Q$100,2,FALSE),TODAY(),"Y") -> 20 | G78: =DATEDIF(VLOOKUP(G77,$P$18:$Q$100,2,FALSE),TODAY(),"Y") -> 21 | H78: =DATEDIF(VLOOKUP(H77,$P$18:$Q$100,2,FALSE),TODAY(),"Y") -> 25 | I78: =DATEDIF(VLOOKUP(I77,$P$18:$Q$100,2,FALSE),TODAY(),"Y") -> 21 | ... L78: =DATEDIF(VLOOKUP(L77,$P$18:$Q$100,2,FALSE),TODAY(),"Y") -> 19 | N78: =AVERAGE(B78:L78) -> 20.818182

Sheet Rapid
N1: =AVERAGE(N3:N99) -> 19.708464
A2: Bregenz | B2: Göschl | C2: Roka | D2: Muharemovic | E2: Brunnhofer | F2: Velimirovic | G2: Stehrer | H2: Szladits | I2: Thiero | J2: Music | K2: Mankan | L2: Berger
B3: =DATEDIF(VLOOKUP(B2,$P$18:$Q$100,2,FALSE),TODAY(),"Y") -> 20 | C3: =DATEDIF(VLOOKUP(C2,$P$18:$Q$100,2,FALSE),TODAY(),"Y") -> 18 | D3: =DATEDIF(VLOOKUP(D2,$P$18:$Q$100,2,FALSE),TODAY(),"Y") -> 20 | E3: =DATEDIF(VLOOKUP(E2,$P$18:$Q$100,2,FALSE),TODAY(),"Y") -> 20 | F3: =DATEDIF(VLOOKUP(F2,$P$18:$Q$100,2,FALSE),TODAY(),"Y") -> 25 | G3: =DATEDIF(VLOOKUP(G2,$P$18:$Q$100,2,FALSE),TODAY(),"Y") -> 19 | H3: =DATEDIF(VLOOKUP(H2,$P$18:$Q$100,2,FALSE),TODAY(),"Y") -> 19 | I3: =DATEDIF(VLOOKUP(I2,$P$18:$Q$100,2,FALSE),TODAY(),"Y") -> 20 | ... L3: =DATEDIF(VLOOKUP(L2,$P$18:$Q$100,2,FALSE),TODAY(),"Y") -> 21 | N3: =AVERAGE(B3:M3) -> 20
A5: Liefering | B5: Göschl | C5: Roka | D5: Muharemovic | E5: Brunnhofer | F5: Velimirovic | G5: Stehrer | H5: Szladits | I5: Thiero | J5: Music | K5: Strunz | L5: Berger
B6: =DATEDIF(VLOOKUP(B5,$P$18:$Q$100,2,FALSE),TODAY(),"Y") -> 20 | C6: =DATEDIF(VLOOKUP(C5,$P$18:$Q$100,2,FALSE),TODAY(),"Y") -> 18 | D6: =DATEDIF(VLOOKUP(D5,$P$18:$Q$100,2,FALSE),TODAY(),"Y") -> 20 | E6: =DATEDIF(VLOOKUP(E5,$P$18:$Q$100,2,FALSE),TODAY(),"Y") -> 20 | F6: =DATEDIF(VLOOKUP(F5,$P$18:$Q$100,2,FALSE),TODAY(),"Y") -> 25 | G6: =DATEDIF(VLOOKUP(G5,$P$18:$Q$100,2,FALSE),TODAY(),"Y") -> 19 | H6: =DATEDIF(VLOOKUP(H5,$P$18:$Q$100,2,FALSE),TODAY(),"Y") -> 19 | I6: =DATEDIF(VLOOKUP(I5,$P$18:$Q$100,2,FALSE),TODAY(),"Y") -> 20 | ... L6: =DATEDIF(VLOOKUP(L5,$P$18:$Q$100,2,FALSE),TODAY(),"Y") -> 21 | N6: =AVERAGE(B6:M6) -> 20.454545
A8: Austria S. | B8: Orgler | C8: Roka | D8: Muharemovic | E8: Brunnhofer | F8: Velimirovic | G8: Stehrer | H8: Szladits | I8: Haidara | J8: Music | K8: Strunz | L8: Berger
B9: =DATEDIF(VLOOKUP(B8,$P$18:$Q$100,2,FALSE),TODAY(),"Y") -> 21 | C9: =DATEDIF(VLOOKUP(C8,$P$18:$Q$100,2,FALSE),TODAY(),"Y") -> 18 | D9: =DATEDIF(VLOOKUP(D8,$P$18:$Q$100,2,FALSE),TODAY(),"Y") -> 20 | E9: =DATEDIF(VLOOKUP(E8,$P$18:$Q$100,2,FALSE),TODAY(),"Y") -> 20 | F9: =DATEDIF(VLOOKUP(F8,$P$18:$Q$100,2,FALSE),TODAY(),"Y") -> 25 | G9: =DATEDIF(VLOOKUP(G8,$P$18:$Q$100,2,FALSE),TODAY(),"Y") -> 19 | H9: =DATEDIF(VLOOKUP(H8,$P$18:$Q$100,2,FALSE),TODAY(),"Y") -> 19 | I9: =DATEDIF(VLOOKUP(I8,$P$18:$Q$100,2,FALSE),TODAY(),"Y") -> 19 | ... L9: =DATEDIF(VLOOKUP(L8,$P$18:$Q$100,2,FALSE),TODAY(),"Y") -> 21 | N9: =AVERAGE(B9:M9) -> 20.454545
A11: Young Violets | B11: Orgler | C11: Roka | D11: Hadzimuratovic | E11: Brunnhofer | F11: Velimirovic | G11: Stehrer | H11: Szladits | I11: Haidara | J11: Music | K11: Strunz | L11: Berger
B12: =DATEDIF(VLOOKUP(B11,$P$18:$Q$100,2,FALSE),TODAY(),"Y") -> 21 | C12: =DATEDIF(VLOOKUP(C11,$P$18:$Q$100,2,FALSE),TODAY(),"Y") -> 18 | D12: =DATEDIF(VLOOKUP(D11,$P$18:$Q$100,2,FALSE),TODAY(),"Y") -> 18 | E12: =DATEDIF(VLOOKUP(E11,$P$18:$Q$100,2,FALSE),TODAY(),"Y") -> 20 | F12: =DATEDIF(VLOOKUP(F11,$P$18:$Q$100,2,FALSE),TODAY(),"Y") -> 25 | G12: =DATEDIF(VLOOKUP(G11,$P$18:$Q$100,2,FALSE),TODAY(),"Y") -> 19 | H12: =DATEDIF(VLOOKUP(H11,$P$18:$Q$100,2,FALSE),TODAY(),"Y") -> 19 | I12: =DATEDIF(VLOOKUP(I11,$P$18:$Q$100,2,FALSE),TODAY(),"Y") -> 19 | ... L12: =DATEDIF(VLOOKUP(L11,$P$18:$Q$100,2,FALSE),TODAY(),"Y") -> 21 | N12: =AVERAGE(B12:M12) -> 20.272727
A14: St. Pölten | B14: Göschl | C14: Roka | D14: Badarneh | E14: Brunnhofer | F14: Velimirovic | G14: Stehrer | H14: Szladits | I14: Haidara | J14: Music | K14: Strunz | L14: Berger
B15: =DATEDIF(VLOOKUP(B14,$P$18:$Q$100,2,FALSE),TODAY(),"Y") -> 20 | C15: =DATEDIF(VLOOKUP(C14,$P$18:$Q$100,2,FALSE),TODAY(),"Y") -> 18 | D15: =DATEDIF(VLOOKUP(D14,$P$18:$Q$100,2,FALSE),TODAY(),"Y") -> 19 | E15: =DATEDIF(VLOOKUP(E14,$P$18:$Q$100,2,FALSE),TODAY(),"Y") -> 20 | F15: =DATEDIF(VLOOKUP(F14,$P$18:$Q$100,2,FALSE),TODAY(),"Y") -> 25 | G15: =DATEDIF(VLOOKUP(G14,$P$18:$Q$100,2,FALSE),TODAY(),"Y") -> 19 | H15: =DATEDIF(VLOOKUP(H14,$P$18:$Q$100,2,FALSE),TODAY(),"Y") -> 19 | I15: =DATEDIF(VLOOKUP(I14,$P$18:$Q$100,2,FALSE),TODAY(),"Y") -> 19 | ... L15: =DATEDIF(VLOOKUP(L14,$P$18:$Q$100,2,FALSE),TODAY(),"Y") -> 21 | N15: =AVERAGE(B15:M15) -> 20.272727
A17: Amstetten | B17: Göschl | C17: Thiero | D17: Badarneh | E17: Brunnhofer | F17: Velimirovic | G17: Stehrer | H17: Mahiya | I17: Haidara | J17: Hadzimuratovic | K17: Strunz | L17: Berger
B18: =DATEDIF(VLOOKUP(B17,$P$18:$Q$100,2,FALSE),TODAY(),"Y") -> 20 | C18: =DATEDIF(VLOOKUP(C17,$P$18:$Q$100,2,FALSE),TODAY(),"Y") -> 20 | D18: =DATEDIF(VLOOKUP(D17,$P$18:$Q$100,2,FALSE),TODAY(),"Y") -> 19 | E18: =DATEDIF(VLOOKUP(E17,$P$18:$Q$100,2,FALSE),TODAY(),"Y") -> 20 | F18: =DATEDIF(VLOOKUP(F17,$P$18:$Q$100,2,FALSE),TODAY(),"Y") -> 25 | G18: =DATEDIF(VLOOKUP(G17,$P$18:$Q$100,2,FALSE),TODAY(),"Y") -> 19 | H18: =DATEDIF(VLOOKUP(H17,$P$18:$Q$100,2,FALSE),TODAY(),"Y") -> 18 | I18: =DATEDIF(VLOOKUP(I17,$P$18:$Q$100,2,FALSE),TODAY(),"Y") -> 19 | ... L18: =DATEDIF(VLOOKUP(L17,$P$18:$Q$100,2,FALSE),TODAY(),"Y") -> 21 | N18: =AVERAGE(B18:M18) -> 20.363636 | P18: Göschl | Q18: 38672 | T18: 28
P19: Brunnhofer | Q19: 38832
A20: Admira | B20: Göschl | C20: Thiero | D20: Roka | E20: Brunnhofer | F20: Velimirovic | G20: Stehrer | H20: Schöller | I20: Haidara | J20: Music | K20: Szladits | L20: Berger | P20: Muharemovic | Q20: 38747
B21: =DATEDIF(VLOOKUP(B20,$P$18:$Q$100,2,FALSE),TODAY(),"Y") -> 20 | C21: =DATEDIF(VLOOKUP(C20,$P$18:$Q$100,2,FALSE),TODAY(),"Y") -> 20 | D21: =DATEDIF(VLOOKUP(D20,$P$18:$Q$100,2,FALSE),TODAY(),"Y") -> 18 | E21: =DATEDIF(VLOOKUP(E20,$P$18:$Q$100,2,FALSE),TODAY(),"Y") -> 20 | F21: =DATEDIF(VLOOKUP(F20,$P$18:$Q$100,2,FALSE),TODAY(),"Y") -> 25 | G21: =DATEDIF(VLOOKUP(G20,$P$18:$Q$100,2,FALSE),TODAY(),"Y") -> 19 | H21: =DATEDIF(VLOOKUP(H20,$P$18:$Q$100,2,FALSE),TODAY(),"Y") -> 20 | I21: =DATEDIF(VLOOKUP(I20,$P$18:$Q$100,2,FALSE),TODAY(),"Y") -> 19 | ... L21: =DATEDIF(VLOOKUP(L20,$P$18:$Q$100,2,FALSE),TODAY(),"Y") -> 21 | N21: =AVERAGE(B21:M21) -> 19.909091 | P21: Stehrer | Q21: 39211
P22: Roka | Q22: 39328
A23: FAC | B23: Orgler | C23: Thiero | D23: Roka | E23: Brunnhofer | F23: Velimirovic | G23: Stehrer | H23: Schöller | I23: Haidara | J23: Music | K23: Szladits | L23: Berger | P23: Velimirovic | Q23: 36935
B24: =DATEDIF(VLOOKUP(B23,$P$18:$Q$100,2,FALSE),TODAY(),"Y") -> 21 | C24: =DATEDIF(VLOOKUP(C23,$P$18:$Q$100,2,FALSE),TODAY(),"Y") -> 20 | D24: =DATEDIF(VLOOKUP(D23,$P$18:$Q$100,2,FALSE),TODAY(),"Y") -> 18 | E24: =DATEDIF(VLOOKUP(E23,$P$18:$Q$100,2,FALSE),TODAY(),"Y") -> 20 | F24: =DATEDIF(VLOOKUP(F23,$P$18:$Q$100,2,FALSE),TODAY(),"Y") -> 25 | G24: =DATEDIF(VLOOKUP(G23,$P$18:$Q$100,2,FALSE),TODAY(),"Y") -> 19 | H24: =DATEDIF(VLOOKUP(H23,$P$18:$Q$100,2,FALSE),TODAY(),"Y") -> 20 | I24: =DATEDIF(VLOOKUP(I23,$P$18:$Q$100,2,FALSE),TODAY(),"Y") -> 19 | ... L24: =DATEDIF(VLOOKUP(L23,$P$18:$Q$100,2,FALSE),TODAY(),"Y") -> 21 | N24: =AVERAGE(B24:M24) -> 20 | P24: Szladits | Q24: 39031
P25: Thiero | Q25: 38815
A26: Kapfenberg | B26: Orgler | C26: Thiero | D26: Roka | E26: Brunnhofer | F26: Velimirovic | G26: Stehrer | H26: Gröller | I26: Haidara | J26: Music | K26: Szladits | L26: Berger | P26: Mankan | Q26: 38783
B27: =DATEDIF(VLOOKUP(B26,$P$18:$Q$100,2,FALSE),TODAY(),"Y") -> 21 | C27: =DATEDIF(VLOOKUP(C26,$P$18:$Q$100,2,FALSE),TODAY(),"Y") -> 20 | D27: =DATEDIF(VLOOKUP(D26,$P$18:$Q$100,2,FALSE),TODAY(),"Y") -> 18 | E27: =DATEDIF(VLOOKUP(E26,$P$18:$Q$100,2,FALSE),TODAY(),"Y") -> 20 | F27: =DATEDIF(VLOOKUP(F26,$P$18:$Q$100,2,FALSE),TODAY(),"Y") -> 25 | G27: =DATEDIF(VLOOKUP(G26,$P$18:$Q$100,2,FALSE),TODAY(),"Y") -> 19 | H27: =DATEDIF(VLOOKUP(H26,$P$18:$Q$100,2,FALSE),TODAY(),"Y") -> 21 | I27: =DATEDIF(VLOOKUP(I26,$P$18:$Q$100,2,FALSE),TODAY(),"Y") -> 19 | ... L27: =DATEDIF(VLOOKUP(L26,$P$18:$Q$100,2,FALSE),TODAY(),"Y") -> 21 | N27: =AVERAGE(B27:M27) -> 20.090909 | P27: Music | Q27: 39334
P28: Berger | Q28: 38316
A29: Wels | B29: Orgler | C29: Badarneh | D29: Roka | E29: Brunnhofer | F29: Velimirovic | G29: Stehrer | H29: Gröller | I29: Haidara | J29: Music | K29: Szladits | L29: Nunoo | P29: Strunz | Q29: 36691
B30: =DATEDIF(VLOOKUP(B29,$P$18:$Q$100,2,FALSE),TODAY(),"Y") -> 21 | C30: =DATEDIF(VLOOKUP(C29,$P$18:$Q$100,2,FALSE),TODAY(),"Y") -> 19 | D30: =DATEDIF(VLOOKUP(D29,$P$18:$Q$100,2,FALSE),TODAY(),"Y") -> 18 | E30: =DATEDIF(VLOOKUP(E29,$P$18:$Q$100,2,FALSE),TODAY(),"Y") -> 20 | F30: =DATEDIF(VLOOKUP(F29,$P$18:$Q$100,2,FALSE),TODAY(),"Y") -> 25 | G30: =DATEDIF(VLOOKUP(G29,$P$18:$Q$100,2,FALSE),TODAY(),"Y") -> 19 | H30: =DATEDIF(VLOOKUP(H29,$P$18:$Q$100,2,FALSE),TODAY(),"Y") -> 21 | I30: =DATEDIF(VLOOKUP(I29,$P$18:$Q$100,2,FALSE),TODAY(),"Y") -> 19 | ... L30: =DATEDIF(VLOOKUP(L29,$P$18:$Q$100,2,FALSE),TODAY(),"Y") -> 19 | N30: =AVERAGE(B30:M30) -> 19.818182 | P30: Orgler | Q30: 38273
P31: Haidara | Q31: 38930
A32: Lustenau | B32: Orgler | C32: Badarneh | D32: Roka | E32: Brunnhofer | F32: Velimirovic | G32: Stehrer | H32: Gröller | I32: Haidara | J32: Music | K32: Szladits | L32: Nunoo | P32: Hadzimuratovic | Q32: 39521
B33: =DATEDIF(VLOOKUP(B32,$P$18:$Q$100,2,FALSE),TODAY(),"Y") -> 21 | C33: =DATEDIF(VLOOKUP(C32,$P$18:$Q$100,2,FALSE),TODAY(),"Y") -> 19 | D33: =DATEDIF(VLOOKUP(D32,$P$18:$Q$100,2,FALSE),TODAY(),"Y") -> 18 | E33: =DATEDIF(VLOOKUP(E32,$P$18:$Q$100,2,FALSE),TODAY(),"Y") -> 20 | F33: =DATEDIF(VLOOKUP(F32,$P$18:$Q$100,2,FALSE),TODAY(),"Y") -> 25 | G33: =DATEDIF(VLOOKUP(G32,$P$18:$Q$100,2,FALSE),TODAY(),"Y") -> 19 | H33: =DATEDIF(VLOOKUP(H32,$P$18:$Q$100,2,FALSE),TODAY(),"Y") -> 21 | I33: =DATEDIF(VLOOKUP(I32,$P$18:$Q$100,2,FALSE),TODAY(),"Y") -> 19 | ... L33: =DATEDIF(VLOOKUP(L32,$P$18:$Q$100,2,FALSE),TODAY(),"Y") -> 19 | N33: =AVERAGE(B33:M33) -> 19.818182 | P33: Badarneh | Q33: 39202
P34: Mahiya | Q34: 39235
A35: Stripfing | B35: Orgler | C35: Muharemovic | D35: Roka | E35: Badarneh | F35: Velimirovic | G35: Berger | H35: Hadzimuratovic | I35: Haidara | J35: Music | K35: Szladits | L35: Mahiya | P35: Schöller | Q35: 38695
B36: =DATEDIF(VLOOKUP(B35,$P$18:$Q$100,2,FALSE),TODAY(),"Y") -> 21 | C36: =DATEDIF(VLOOKUP(C35,$P$18:$Q$100,2,FALSE),TODAY(),"Y") -> 20 | D36: =DATEDIF(VLOOKUP(D35,$P$18:$Q$100,2,FALSE),TODAY(),"Y") -> 18 | E36: =DATEDIF(VLOOKUP(E35,$P$18:$Q$100,2,FALSE),TODAY(),"Y") -> 19 | F36: =DATEDIF(VLOOKUP(F35,$P$18:$Q$100,2,FALSE),TODAY(),"Y") -> 25 | G36: =DATEDIF(VLOOKUP(G35,$P$18:$Q$100,2,FALSE),TODAY(),"Y") -> 21 | H36: =DATEDIF(VLOOKUP(H35,$P$18:$Q$100,2,FALSE),TODAY(),"Y") -> 18 | I36: =DATEDIF(VLOOKUP(I35,$P$18:$Q$100,2,FALSE),TODAY(),"Y") -> 19 | ... L36: =DATEDIF(VLOOKUP(L35,$P$18:$Q$100,2,FALSE),TODAY(),"Y") -> 18 | N36: =AVERAGE(B36:M36) -> 19.636364 | P36: Gröller | Q36: 38377
P37: Nunoo | Q37: 38949
A38: Klagenfurt | B38: Göschl | C38: Muharemovic | D38: Roka | E38: Badarneh | F38: Velimirovic | G38: Nunoo | H38: Hadzimuratovic | I38: Haidara | J38: Music | K38: Szladits | L38: Stehrer | P38: Weixelbraun | Q38: 37972
B39: =DATEDIF(VLOOKUP(B38,$P$18:$Q$100,2,FALSE),TODAY(),"Y") -> 20 | C39: =DATEDIF(VLOOKUP(C38,$P$18:$Q$100,2,FALSE),TODAY(),"Y") -> 20 | D39: =DATEDIF(VLOOKUP(D38,$P$18:$Q$100,2,FALSE),TODAY(),"Y") -> 18 | E39: =DATEDIF(VLOOKUP(E38,$P$18:$Q$100,2,FALSE),TODAY(),"Y") -> 19 | F39: =DATEDIF(VLOOKUP(F38,$P$18:$Q$100,2,FALSE),TODAY(),"Y") -> 25 | G39: =DATEDIF(VLOOKUP(G38,$P$18:$Q$100,2,FALSE),TODAY(),"Y") -> 19 | H39: =DATEDIF(VLOOKUP(H38,$P$18:$Q$100,2,FALSE),TODAY(),"Y") -> 18 | I39: =DATEDIF(VLOOKUP(I38,$P$18:$Q$100,2,FALSE),TODAY(),"Y") -> 19 | ... L39: =DATEDIF(VLOOKUP(L38,$P$18:$Q$100,2,FALSE),TODAY(),"Y") -> 19 | N39: =AVERAGE(B39:M39) -> 19.454545 | P39: Moizi | Q39: 39232
P40: Djezic | Q40: 38829
A41: Vienna | B41: Göschl | C41: Brunnhofer | D41: Roka | E41: Badarneh | F41: Velimirovic | G41: Nunoo | H41: Weixelbraun | I41: Gröller | J41: Music | K41: Szladits | L41: Stehrer | P41: Ekereokosu | Q41: 39557
B42: =DATEDIF(VLOOKUP(B41,$P$18:$Q$100,2,FALSE),TODAY(),"Y") -> 20 | C42: =DATEDIF(VLOOKUP(C41,$P$18:$Q$100,2,FALSE),TODAY(),"Y") -> 20 | D42: =DATEDIF(VLOOKUP(D41,$P$18:$Q$100,2,FALSE),TODAY(),"Y") -> 18 | E42: =DATEDIF(VLOOKUP(E41,$P$18:$Q$100,2,FALSE),TODAY(),"Y") -> 19 | F42: =DATEDIF(VLOOKUP(F41,$P$18:$Q$100,2,FALSE),TODAY(),"Y") -> 25 | G42: =DATEDIF(VLOOKUP(G41,$P$18:$Q$100,2,FALSE),TODAY(),"Y") -> 19 | H42: =DATEDIF(VLOOKUP(H41,$P$18:$Q$100,2,FALSE),TODAY(),"Y") -> 22 | I42: =DATEDIF(VLOOKUP(I41,$P$18:$Q$100,2,FALSE),TODAY(),"Y") -> 21 | ... L42: =DATEDIF(VLOOKUP(L41,$P$18:$Q$100,2,FALSE),TODAY(),"Y") -> 19 | N42: =AVERAGE(B42:M42) -> 20 | P42: Yeboah | Q42: 39296
P43: Kolp | Q43: 39596
A44: Sturm | B44: Orgler | C44: Brunnhofer | D44: Muharemovic | E44: Badarneh | F44: Velimirovic | G44: Nunoo | H44: Haidara | I44: Mahiya | J44: Music | K44: Szladits | L44: Stehrer | P44: Rahmani | Q44: 39645
B45: =DATEDIF(VLOOKUP(B44,$P$18:$Q$100,2,FALSE),TODAY(),"Y") -> 21 | C45: =DATEDIF(VLOOKUP(C44,$P$18:$Q$100,2,FALSE),TODAY(),"Y") -> 20 | D45: =DATEDIF(VLOOKUP(D44,$P$18:$Q$100,2,FALSE),TODAY(),"Y") -> 20 | E45: =DATEDIF(VLOOKUP(E44,$P$18:$Q$100,2,FALSE),TODAY(),"Y") -> 19 | F45: =DATEDIF(VLOOKUP(F44,$P$18:$Q$100,2,FALSE),TODAY(),"Y") -> 25 | G45: =DATEDIF(VLOOKUP(G44,$P$18:$Q$100,2,FALSE),TODAY(),"Y") -> 19 | H45: =DATEDIF(VLOOKUP(H44,$P$18:$Q$100,2,FALSE),TODAY(),"Y") -> 19 | I45: =DATEDIF(VLOOKUP(I44,$P$18:$Q$100,2,FALSE),TODAY(),"Y") -> 18 | ... L45: =DATEDIF(VLOOKUP(L44,$P$18:$Q$100,2,FALSE),TODAY(),"Y") -> 19 | N45: =AVERAGE(B45:M45) -> 19.727273 | P45: Haas | Q45: 33808
A47: Bregenz | B47: Orgler | C47: Brunnhofer | D47: Muharemovic | E47: Badarneh | F47: Velimirovic | G47: Nunoo | H47: Haidara | I47: Mahiya | J47: Music | K47: Szladits | L47: Roka
B48: =DATEDIF(VLOOKUP(B47,$P$18:$Q$100,2,FALSE),TODAY(),"Y") -> 21 | C48: =DATEDIF(VLOOKUP(C47,$P$18:$Q$100,2,FALSE),TODAY(),"Y") -> 20 | D48: =DATEDIF(VLOOKUP(D47,$P$18:$Q$100,2,FALSE),TODAY(),"Y") -> 20 | E48: =DATEDIF(VLOOKUP(E47,$P$18:$Q$100,2,FALSE),TODAY(),"Y") -> 19 | F48: =DATEDIF(VLOOKUP(F47,$P$18:$Q$100,2,FALSE),TODAY(),"Y") -> 25 | G48: =DATEDIF(VLOOKUP(G47,$P$18:$Q$100,2,FALSE),TODAY(),"Y") -> 19 | H48: =DATEDIF(VLOOKUP(H47,$P$18:$Q$100,2,FALSE),TODAY(),"Y") -> 19 | I48: =DATEDIF(VLOOKUP(I47,$P$18:$Q$100,2,FALSE),TODAY(),"Y") -> 18 | ... L48: =DATEDIF(VLOOKUP(L47,$P$18:$Q$100,2,FALSE),TODAY(),"Y") -> 18 | N48: =AVERAGE(B48:M48) -> 19.636364
A50: Liefering | B50: Orgler | C50: Hadzimuratovic | D50: Muharemovic | E50: Moizi | F50: Velimirovic | G50: Nunoo | H50: Haidara | I50: Mahiya | J50: Music | K50: Szladits | L50: Roka
B51: =DATEDIF(VLOOKUP(B50,$P$18:$Q$100,2,FALSE),TODAY(),"Y") -> 21 | C51: =DATEDIF(VLOOKUP(C50,$P$18:$Q$100,2,FALSE),TODAY(),"Y") -> 18 | D51: =DATEDIF(VLOOKUP(D50,$P$18:$Q$100,2,FALSE),TODAY(),"Y") -> 20 | E51: =DATEDIF(VLOOKUP(E50,$P$18:$Q$100,2,FALSE),TODAY(),"Y") -> 18 | F51: =DATEDIF(VLOOKUP(F50,$P$18:$Q$100,2,FALSE),TODAY(),"Y") -> 25 | G51: =DATEDIF(VLOOKUP(G50,$P$18:$Q$100,2,FALSE),TODAY(),"Y") -> 19 | H51: =DATEDIF(VLOOKUP(H50,$P$18:$Q$100,2,FALSE),TODAY(),"Y") -> 19 | I51: =DATEDIF(VLOOKUP(I50,$P$18:$Q$100,2,FALSE),TODAY(),"Y") -> 18 | ... L51: =DATEDIF(VLOOKUP(L50,$P$18:$Q$100,2,FALSE),TODAY(),"Y") -> 18 | N51: =AVERAGE(B51:M51) -> 19.363636
A53: Young Violets | B53: Orgler | C53: Badarneh | D53: Muharemovic | E53: Moizi | F53: Djezic | G53: Ekereokosu | H53: Gröller | I53: Mahiya | J53: Music | K53: Szladits | L53: Roka
B54: =DATEDIF(VLOOKUP(B53,$P$18:$Q$100,2,FALSE),TODAY(),"Y") -> 21 | C54: =DATEDIF(VLOOKUP(C53,$P$18:$Q$100,2,FALSE),TODAY(),"Y") -> 19 | D54: =DATEDIF(VLOOKUP(D53,$P$18:$Q$100,2,FALSE),TODAY(),"Y") -> 20 | E54: =DATEDIF(VLOOKUP(E53,$P$18:$Q$100,2,FALSE),TODAY(),"Y") -> 18 | F54: =DATEDIF(VLOOKUP(F53,$P$18:$Q$100,2,FALSE),TODAY(),"Y") -> 20 | G54: =DATEDIF(VLOOKUP(G53,$P$18:$Q$100,2,FALSE),TODAY(),"Y") -> 18 | H54: =DATEDIF(VLOOKUP(H53,$P$18:$Q$100,2,FALSE),TODAY(),"Y") -> 21 | I54: =DATEDIF(VLOOKUP(I53,$P$18:$Q$100,2,FALSE),TODAY(),"Y") -> 18 | ... L54: =DATEDIF(VLOOKUP(L53,$P$18:$Q$100,2,FALSE),TODAY(),"Y") -> 18 | N54: =AVERAGE(B54:M54) -> 19.090909
A56: Austria S. | B56: Orgler | C56: Badarneh | D56: Brunnhofer | E56: Moizi | F56: Djezic | G56: Ekereokosu | H56: Yeboah | I56: Mahiya | J56: Music | K56: Szladits | L56: Roka
B57: =DATEDIF(VLOOKUP(B56,$P$18:$Q$100,2,FALSE),TODAY(),"Y") -> 21 | C57: =DATEDIF(VLOOKUP(C56,$P$18:$Q$100,2,FALSE),TODAY(),"Y") -> 19 | D57: =DATEDIF(VLOOKUP(D56,$P$18:$Q$100,2,FALSE),TODAY(),"Y") -> 20 | E57: =DATEDIF(VLOOKUP(E56,$P$18:$Q$100,2,FALSE),TODAY(),"Y") -> 18 | F57: =DATEDIF(VLOOKUP(F56,$P$18:$Q$100,2,FALSE),TODAY(),"Y") -> 20 | G57: =DATEDIF(VLOOKUP(G56,$P$18:$Q$100,2,FALSE),TODAY(),"Y") -> 18 | H57: =DATEDIF(VLOOKUP(H56,$P$18:$Q$100,2,FALSE),TODAY(),"Y") -> 18 | I57: =DATEDIF(VLOOKUP(I56,$P$18:$Q$100,2,FALSE),TODAY(),"Y") -> 18 | ... L57: =DATEDIF(VLOOKUP(L56,$P$18:$Q$100,2,FALSE),TODAY(),"Y") -> 18 | N57: =AVERAGE(B57:M57) -> 18.818182
A59: St. Pölten | B59: Orgler | C59: Badarneh | D59: Brunnhofer | E59: Moizi | F59: Djezic | G59: Ekereokosu | H59: Yeboah | I59: Mahiya | J59: Music | K59: Szladits | L59: Roka
B60: =DATEDIF(VLOOKUP(B59,$P$18:$Q$100,2,FALSE),TODAY(),"Y") -> 21 | C60: =DATEDIF(VLOOKUP(C59,$P$18:$Q$100,2,FALSE),TODAY(),"Y") -> 19 | D60: =DATEDIF(VLOOKUP(D59,$P$18:$Q$100,2,FALSE),TODAY(),"Y") -> 20 | E60: =DATEDIF(VLOOKUP(E59,$P$18:$Q$100,2,FALSE),TODAY(),"Y") -> 18 | F60: =DATEDIF(VLOOKUP(F59,$P$18:$Q$100,2,FALSE),TODAY(),"Y") -> 20 | G60: =DATEDIF(VLOOKUP(G59,$P$18:$Q$100,2,FALSE),TODAY(),"Y") -> 18 | H60: =DATEDIF(VLOOKUP(H59,$P$18:$Q$100,2,FALSE),TODAY(),"Y") -> 18 | I60: =DATEDIF(VLOOKUP(I59,$P$18:$Q$100,2,FALSE),TODAY(),"Y") -> 18 | ... L60: =DATEDIF(VLOOKUP(L59,$P$18:$Q$100,2,FALSE),TODAY(),"Y") -> 18 | N60: =AVERAGE(B60:M60) -> 18.818182
A62: Amstetten | B62: Orgler | C62: Badarneh | D62: Brunnhofer | E62: Moizi | F62: Djezic | G62: Ekereokosu | H62: Gröller | I62: Mahiya | J62: Haidara | K62: Szladits | L62: Stehrer
B63: =DATEDIF(VLOOKUP(B62,$P$18:$Q$100,2,FALSE),TODAY(),"Y") -> 21 | C63: =DATEDIF(VLOOKUP(C62,$P$18:$Q$100,2,FALSE),TODAY(),"Y") -> 19 | D63: =DATEDIF(VLOOKUP(D62,$P$18:$Q$100,2,FALSE),TODAY(),"Y") -> 20 | E63: =DATEDIF(VLOOKUP(E62,$P$18:$Q$100,2,FALSE),TODAY(),"Y") -> 18 | F63: =DATEDIF(VLOOKUP(F62,$P$18:$Q$100,2,FALSE),TODAY(),"Y") -> 20 | G63: =DATEDIF(VLOOKUP(G62,$P$18:$Q$100,2,FALSE),TODAY(),"Y") -> 18 | H63: =DATEDIF(VLOOKUP(H62,$P$18:$Q$100,2,FALSE),TODAY(),"Y") -> 21 | I63: =DATEDIF(VLOOKUP(I62,$P$18:$Q$100,2,FALSE),TODAY(),"Y") -> 18 | ... L63: =DATEDIF(VLOOKUP(L62,$P$18:$Q$100,2,FALSE),TODAY(),"Y") -> 19 | N63: =AVERAGE(B63:M63) -> 19.272727
A65: Admira | B65: Orgler | C65: Badarneh | D65: Brunnhofer | E65: Music | F65: Berger | G65: Ekereokosu | H65: Gröller | I65: Mahiya | J65: Haidara | K65: Szladits | L65: Stehrer
B66: =DATEDIF(VLOOKUP(B65,$P$18:$Q$100,2,FALSE),TODAY(),"Y") -> 21 | C66: =DATEDIF(VLOOKUP(C65,$P$18:$Q$100,2,FALSE),TODAY(),"Y") -> 19 | D66: =DATEDIF(VLOOKUP(D65,$P$18:$Q$100,2,FALSE),TODAY(),"Y") -> 20 | E66: =DATEDIF(VLOOKUP(E65,$P$18:$Q$100,2,FALSE),TODAY(),"Y") -> 18 | F66: =DATEDIF(VLOOKUP(F65,$P$18:$Q$100,2,FALSE),TODAY(),"Y") -> 21 | G66: =DATEDIF(VLOOKUP(G65,$P$18:$Q$100,2,FALSE),TODAY(),"Y") -> 18 | H66: =DATEDIF(VLOOKUP(H65,$P$18:$Q$100,2,FALSE),TODAY(),"Y") -> 21 | I66: =DATEDIF(VLOOKUP(I65,$P$18:$Q$100,2,FALSE),TODAY(),"Y") -> 18 | ... L66: =DATEDIF(VLOOKUP(L65,$P$18:$Q$100,2,FALSE),TODAY(),"Y") -> 19 | N66: =AVERAGE(B66:M66) -> 19.363636
A68: FAC | B68: Orgler | C68: Badarneh | D68: Brunnhofer | E68: Music | F68: Berger | G68: Rahmani | H68: Muharemovic | I68: Mahiya | J68: Djezic | K68: Kolp | L68: Stehrer
B69: =DATEDIF(VLOOKUP(B68,$P$18:$Q$100,2,FALSE),TODAY(),"Y") -> 21 | C69: =DATEDIF(VLOOKUP(C68,$P$18:$Q$100,2,FALSE),TODAY(),"Y") -> 19 | D69: =DATEDIF(VLOOKUP(D68,$P$18:$Q$100,2,FALSE),TODAY(),"Y") -> 20 | E69: =DATEDIF(VLOOKUP(E68,$P$18:$Q$100,2,FALSE),TODAY(),"Y") -> 18 | F69: =DATEDIF(VLOOKUP(F68,$P$18:$Q$100,2,FALSE),TODAY(),"Y") -> 21 | G69: =DATEDIF(VLOOKUP(G68,$P$18:$Q$100,2,FALSE),TODAY(),"Y") -> 17 | H69: =DATEDIF(VLOOKUP(H68,$P$18:$Q$100,2,FALSE),TODAY(),"Y") -> 20 | I69: =DATEDIF(VLOOKUP(I68,$P$18:$Q$100,2,FALSE),TODAY(),"Y") -> 18 | ... L69: =DATEDIF(VLOOKUP(L68,$P$18:$Q$100,2,FALSE),TODAY(),"Y") -> 19 | N69: =AVERAGE(B69:M69) -> 19.090909
A71: Kapfenberg | B71: Orgler | C71: Badarneh | D71: Brunnhofer | E71: Music | F71: Weixelbraun | G71: Ekereokosu | H71: Haidara | I71: Szladits | J71: Djezic | K71: Gröller | L71: Roka
B72: =DATEDIF(VLOOKUP(B71,$P$18:$Q$100,2,FALSE),TODAY(),"Y") -> 21 | C72: =DATEDIF(VLOOKUP(C71,$P$18:$Q$100,2,FALSE),TODAY(),"Y") -> 19 | D72: =DATEDIF(VLOOKUP(D71,$P$18:$Q$100,2,FALSE),TODAY(),"Y") -> 20 | E72: =DATEDIF(VLOOKUP(E71,$P$18:$Q$100,2,FALSE),TODAY(),"Y") -> 18 | F72: =DATEDIF(VLOOKUP(F71,$P$18:$Q$100,2,FALSE),TODAY(),"Y") -> 22 | G72: =DATEDIF(VLOOKUP(G71,$P$18:$Q$100,2,FALSE),TODAY(),"Y") -> 18 | H72: =DATEDIF(VLOOKUP(H71,$P$18:$Q$100,2,FALSE),TODAY(),"Y") -> 19 | I72: =DATEDIF(VLOOKUP(I71,$P$18:$Q$100,2,FALSE),TODAY(),"Y") -> 19 | ... L72: =DATEDIF(VLOOKUP(L71,$P$18:$Q$100,2,FALSE),TODAY(),"Y") -> 18 | N72: =AVERAGE(B72:M72) -> 19.545455
A74: Wels | B74: Orgler | C74: Badarneh | D74: Brunnhofer | E74: Music | F74: Weixelbraun | G74: Ekereokosu | H74: Haidara | I74: Szladits | J74: Djezic | K74: Gröller | L74: Roka
B75: =DATEDIF(VLOOKUP(B74,$P$18:$Q$100,2,FALSE),TODAY(),"Y") -> 21 | C75: =DATEDIF(VLOOKUP(C74,$P$18:$Q$100,2,FALSE),TODAY(),"Y") -> 19 | D75: =DATEDIF(VLOOKUP(D74,$P$18:$Q$100,2,FALSE),TODAY(),"Y") -> 20 | E75: =DATEDIF(VLOOKUP(E74,$P$18:$Q$100,2,FALSE),TODAY(),"Y") -> 18 | F75: =DATEDIF(VLOOKUP(F74,$P$18:$Q$100,2,FALSE),TODAY(),"Y") -> 22 | G75: =DATEDIF(VLOOKUP(G74,$P$18:$Q$100,2,FALSE),TODAY(),"Y") -> 18 | H75: =DATEDIF(VLOOKUP(H74,$P$18:$Q$100,2,FALSE),TODAY(),"Y") -> 19 | I75: =DATEDIF(VLOOKUP(I74,$P$18:$Q$100,2,FALSE),TODAY(),"Y") -> 19 | ... L75: =DATEDIF(VLOOKUP(L74,$P$18:$Q$100,2,FALSE),TODAY(),"Y") -> 18 | N75: =AVERAGE(B75:M75) -> 19.545455
A77: Lustenau | B77: Orgler | C77: Badarneh | D77: Brunnhofer | E77: Music | F77: Weixelbraun | G77: Muharemovic | H77: Haidara | I77: Kolp | J77: Djezic | K77: Gröller | L77: Roka
B78: =DATEDIF(VLOOKUP(B77,$P$18:$Q$100,2,FALSE),TODAY(),"Y") -> 21 | C78: =DATEDIF(VLOOKUP(C77,$P$18:$Q$100,2,FALSE),TODAY(),"Y") -> 19 | D78: =DATEDIF(VLOOKUP(D77,$P$18:$Q$100,2,FALSE),TODAY(),"Y") -> 20 | E78: =DATEDIF(VLOOKUP(E77,$P$18:$Q$100,2,FALSE),TODAY(),"Y") -> 18 | F78: =DATEDIF(VLOOKUP(F77,$P$18:$Q$100,2,FALSE),TODAY(),"Y") -> 22 | G78: =DATEDIF(VLOOKUP(G77,$P$18:$Q$100,2,FALSE),TODAY(),"Y") -> 20 | H78: =DATEDIF(VLOOKUP(H77,$P$18:$Q$100,2,FALSE),TODAY(),"Y") -> 19 | I78: =DATEDIF(VLOOKUP(I77,$P$18:$Q$100,2,FALSE),TODAY(),"Y") -> 17 | ... L78: =DATEDIF(VLOOKUP(L77,$P$18:$Q$100,2,FALSE),TODAY(),"Y") -> 18 | N78: =AVERAGE(B78:M78) -> 19.545455
A80: Klagenfurt | B80: Göschl | C80: Szladits | D80: Brunnhofer | E80: Music | F80: Weixelbraun | G80: Muharemovic | H80: Haidara | I80: Ekereokosu | J80: Djezic | K80: Thiero | L80: Roka
B81: =DATEDIF(VLOOKUP(B80,$P$18:$Q$100,2,FALSE),TODAY(),"Y") -> 20 | C81: =DATEDIF(VLOOKUP(C80,$P$18:$Q$100,2,FALSE),TODAY(),"Y") -> 19 | D81: =DATEDIF(VLOOKUP(D80,$P$18:$Q$100,2,FALSE),TODAY(),"Y") -> 20 | E81: =DATEDIF(VLOOKUP(E80,$P$18:$Q$100,2,FALSE),TODAY(),"Y") -> 18 | F81: =DATEDIF(VLOOKUP(F80,$P$18:$Q$100,2,FALSE),TODAY(),"Y") -> 22 | G81: =DATEDIF(VLOOKUP(G80,$P$18:$Q$100,2,FALSE),TODAY(),"Y") -> 20 | H81: =DATEDIF(VLOOKUP(H80,$P$18:$Q$100,2,FALSE),TODAY(),"Y") -> 19 | I81: =DATEDIF(VLOOKUP(I80,$P$18:$Q$100,2,FALSE),TODAY(),"Y") -> 18 | ... L81: =DATEDIF(VLOOKUP(L80,$P$18:$Q$100,2,FALSE),TODAY(),"Y") -> 18 | N81: =AVERAGE(B81:M81) -> 19.454545
A83: Vienna | B83: Orgler | C83: Music | D83: Gröller | E83: Brunnhofer | F83: Szladits | G83: Djezic | H83: Roka | I83: Badarneh | J83: Haidara | K83: Ekereokosu | L83: Weixelbraun
B84: =DATEDIF(VLOOKUP(B83,$P$18:$Q$100,2,FALSE),TODAY(),"Y") -> 21 | C84: =DATEDIF(VLOOKUP(C83,$P$18:$Q$100,2,FALSE),TODAY(),"Y") -> 18 | D84: =DATEDIF(VLOOKUP(D83,$P$18:$Q$100,2,FALSE),TODAY(),"Y") -> 21 | E84: =DATEDIF(VLOOKUP(E83,$P$18:$Q$100,2,FALSE),TODAY(),"Y") -> 20 | F84: =DATEDIF(VLOOKUP(F83,$P$18:$Q$100,2,FALSE),TODAY(),"Y") -> 19 | G84: =DATEDIF(VLOOKUP(G83,$P$18:$Q$100,2,FALSE),TODAY(),"Y") -> 20 | H84: =DATEDIF(VLOOKUP(H83,$P$18:$Q$100,2,FALSE),TODAY(),"Y") -> 18 | I84: =DATEDIF(VLOOKUP(I83,$P$18:$Q$100,2,FALSE),TODAY(),"Y") -> 19 | ... L84: =DATEDIF(VLOOKUP(L83,$P$18:$Q$100,2,FALSE),TODAY(),"Y") -> 22 | N84: =AVERAGE(B84:M84) -> 19.545455
A86: Sturm | B86: Haas | C86: Music | D86: Mahiya | E86: Brunnhofer | F86: Stehrer | G86: Djezic | H86: Roka | I86: Badarneh | J86: Haidara | K86: Ekereokosu | L86: Muharemovic
B87: =DATEDIF(VLOOKUP(B86,$P$18:$Q$100,2,FALSE),TODAY(),"Y") -> 33 | C87: =DATEDIF(VLOOKUP(C86,$P$18:$Q$100,2,FALSE),TODAY(),"Y") -> 18 | D87: =DATEDIF(VLOOKUP(D86,$P$18:$Q$100,2,FALSE),TODAY(),"Y") -> 18 | E87: =DATEDIF(VLOOKUP(E86,$P$18:$Q$100,2,FALSE),TODAY(),"Y") -> 20 | F87: =DATEDIF(VLOOKUP(F86,$P$18:$Q$100,2,FALSE),TODAY(),"Y") -> 19 | G87: =DATEDIF(VLOOKUP(G86,$P$18:$Q$100,2,FALSE),TODAY(),"Y") -> 20 | H87: =DATEDIF(VLOOKUP(H86,$P$18:$Q$100,2,FALSE),TODAY(),"Y") -> 18 | I87: =DATEDIF(VLOOKUP(I86,$P$18:$Q$100,2,FALSE),TODAY(),"Y") -> 19 | ... L87: =DATEDIF(VLOOKUP(L86,$P$18:$Q$100,2,FALSE),TODAY(),"Y") -> 20 | N87: =AVERAGE(B87:M87) -> 20.181818

Sheet Liefering
N1: =AVERAGE(N3:N99) -> 19.561129
A2: Lustenau | B2: Sarcevic | C2: Brandtner | D2: Pokorny | E2: Moswitzer | F2: Rackl | G2: Riquelme | H2: Striednig | I2: Moser | J2: Lukic | K2: Camara | L2: Verhounig
B3: =DATEDIF(VLOOKUP(B2,$P$18:$Q$100,2,FALSE),TODAY(),"Y") -> 19 | C3: =DATEDIF(VLOOKUP(C2,$P$18:$Q$100,2,FALSE),TODAY(),"Y") -> 20 | D3: =DATEDIF(VLOOKUP(D2,$P$18:$Q$100,2,FALSE),TODAY(),"Y") -> 18 | E3: =DATEDIF(VLOOKUP(E2,$P$18:$Q$100,2,FALSE),TODAY(),"Y") -> 21 | F3: =DATEDIF(VLOOKUP(F2,$P$18:$Q$100,2,FALSE),TODAY(),"Y") -> 20 | G3: =DATEDIF(VLOOKUP(G2,$P$18:$Q$100,2,FALSE),TODAY(),"Y") -> 20 | H3: =DATEDIF(VLOOKUP(H2,$P$18:$Q$100,2,FALSE),TODAY(),"Y") -> 20 | I3: =DATEDIF(VLOOKUP(I2,$P$18:$Q$100,2,FALSE),TODAY(),"Y") -> 18 | ... L3: =DATEDIF(VLOOKUP(L2,$P$18:$Q$100,2,FALSE),TODAY(),"Y") -> 20 | N3: =AVERAGE(B3:M3) -> 19.454545
A5: Rapid | B5: Sarcevic | C5: Brandtner | D5: Zikovic | E5: Moswitzer | F5: Rohrmoser | G5: Riquelme | H5: Striednig | I5: Moser | J5: Lukic | K5: Camara | L5: Verhounig
B6: =DATEDIF(VLOOKUP(B5,$P$18:$Q$100,2,FALSE),TODAY(),"Y") -> 19 | C6: =DATEDIF(VLOOKUP(C5,$P$18:$Q$100,2,FALSE),TODAY(),"Y") -> 20 | D6: =DATEDIF(VLOOKUP(D5,$P$18:$Q$100,2,FALSE),TODAY(),"Y") -> 21 | E6: =DATEDIF(VLOOKUP(E5,$P$18:$Q$100,2,FALSE),TODAY(),"Y") -> 21 | F6: =DATEDIF(VLOOKUP(F5,$P$18:$Q$100,2,FALSE),TODAY(),"Y") -> 19 | G6: =DATEDIF(VLOOKUP(G5,$P$18:$Q$100,2,FALSE),TODAY(),"Y") -> 20 | H6: =DATEDIF(VLOOKUP(H5,$P$18:$Q$100,2,FALSE),TODAY(),"Y") -> 20 | I6: =DATEDIF(VLOOKUP(I5,$P$18:$Q$100,2,FALSE),TODAY(),"Y") -> 18 | ... L6: =DATEDIF(VLOOKUP(L5,$P$18:$Q$100,2,FALSE),TODAY(),"Y") -> 20 | N6: =AVERAGE(B6:M6) -> 19.636364
A8: Sturm | B8: Sarcevic | C8: Brandtner | D8: Zikovic | E8: Moswitzer | F8: Rohrmoser | G8: Riquelme | H8: Striednig | I8: Aguilar | J8: Lukic | K8: Camara | L8: Verhounig
B9: =DATEDIF(VLOOKUP(B8,$P$18:$Q$100,2,FALSE),TODAY(),"Y") -> 19 | C9: =DATEDIF(VLOOKUP(C8,$P$18:$Q$100,2,FALSE),TODAY(),"Y") -> 20 | D9: =DATEDIF(VLOOKUP(D8,$P$18:$Q$100,2,FALSE),TODAY(),"Y") -> 21 | E9: =DATEDIF(VLOOKUP(E8,$P$18:$Q$100,2,FALSE),TODAY(),"Y") -> 21 | F9: =DATEDIF(VLOOKUP(F8,$P$18:$Q$100,2,FALSE),TODAY(),"Y") -> 19 | G9: =DATEDIF(VLOOKUP(G8,$P$18:$Q$100,2,FALSE),TODAY(),"Y") -> 20 | H9: =DATEDIF(VLOOKUP(H8,$P$18:$Q$100,2,FALSE),TODAY(),"Y") -> 20 | I9: =DATEDIF(VLOOKUP(I8,$P$18:$Q$100,2,FALSE),TODAY(),"Y") -> 19 | ... L9: =DATEDIF(VLOOKUP(L8,$P$18:$Q$100,2,FALSE),TODAY(),"Y") -> 20 | N9: =AVERAGE(B9:M9) -> 19.727273
A11: Vienna | B11: Zawieschitzky | C11: Brandtner | D11: Zikovic | E11: Moswitzer | F11: Rohrmoser | G11: Riquelme | H11: Striednig | I11: Moser | J11: Lukic | K11: Camara | L11: Verhounig
B12: =DATEDIF(VLOOKUP(B11,$P$18:$Q$100,2,FALSE),TODAY(),"Y") -> 19 | C12: =DATEDIF(VLOOKUP(C11,$P$18:$Q$100,2,FALSE),TODAY(),"Y") -> 20 | D12: =DATEDIF(VLOOKUP(D11,$P$18:$Q$100,2,FALSE),TODAY(),"Y") -> 21 | E12: =DATEDIF(VLOOKUP(E11,$P$18:$Q$100,2,FALSE),TODAY(),"Y") -> 21 | F12: =DATEDIF(VLOOKUP(F11,$P$18:$Q$100,2,FALSE),TODAY(),"Y") -> 19 | G12: =DATEDIF(VLOOKUP(G11,$P$18:$Q$100,2,FALSE),TODAY(),"Y") -> 20 | H12: =DATEDIF(VLOOKUP(H11,$P$18:$Q$100,2,FALSE),TODAY(),"Y") -> 20 | I12: =DATEDIF(VLOOKUP(I11,$P$18:$Q$100,2,FALSE),TODAY(),"Y") -> 18 | ... L12: =DATEDIF(VLOOKUP(L11,$P$18:$Q$100,2,FALSE),TODAY(),"Y") -> 20 | N12: =AVERAGE(B12:M12) -> 19.636364
A14: Bregenz | B14: Zawieschitzky | C14: Brandtner | D14: Zikovic | E14: Moswitzer | F14: Rohrmoser | G14: Riquelme | H14: Striednig | I14: Moser | J14: Lukic | K14: Aguilar | L14: Verhounig
B15: =DATEDIF(VLOOKUP(B14,$P$18:$Q$100,2,FALSE),TODAY(),"Y") -> 19 | C15: =DATEDIF(VLOOKUP(C14,$P$18:$Q$100,2,FALSE),TODAY(),"Y") -> 20 | D15: =DATEDIF(VLOOKUP(D14,$P$18:$Q$100,2,FALSE),TODAY(),"Y") -> 21 | E15: =DATEDIF(VLOOKUP(E14,$P$18:$Q$100,2,FALSE),TODAY(),"Y") -> 21 | F15: =DATEDIF(VLOOKUP(F14,$P$18:$Q$100,2,FALSE),TODAY(),"Y") -> 19 | G15: =DATEDIF(VLOOKUP(G14,$P$18:$Q$100,2,FALSE),TODAY(),"Y") -> 20 | H15: =DATEDIF(VLOOKUP(H14,$P$18:$Q$100,2,FALSE),TODAY(),"Y") -> 20 | I15: =DATEDIF(VLOOKUP(I14,$P$18:$Q$100,2,FALSE),TODAY(),"Y") -> 18 | ... L15: =DATEDIF(VLOOKUP(L14,$P$18:$Q$100,2,FALSE),TODAY(),"Y") -> 20 | N15: =AVERAGE(B15:M15) -> 19.636364
A17: Austria | B17: Zawieschitzky | C17: Brandtner | D17: Zikovic | E17: Adejenughure | F17: Schuster | G17: Riquelme | H17: Striednig | I17: Moser | J17: Lukic | K17: Trummer | L17: Verhounig
B18: =DATEDIF(VLOOKUP(B17,$P$18:$Q$100,2,FALSE),TODAY(),"Y") -> 19 | C18: =DATEDIF(VLOOKUP(C17,$P$18:$Q$100,2,FALSE),TODAY(),"Y") -> 20 | D18: =DATEDIF(VLOOKUP(D17,$P$18:$Q$100,2,FALSE),TODAY(),"Y") -> 21 | E18: =DATEDIF(VLOOKUP(E17,$P$18:$Q$100,2,FALSE),TODAY(),"Y") -> 19 | F18: =DATEDIF(VLOOKUP(F17,$P$18:$Q$100,2,FALSE),TODAY(),"Y") -> 20 | G18: =DATEDIF(VLOOKUP(G17,$P$18:$Q$100,2,FALSE),TODAY(),"Y") -> 20 | H18: =DATEDIF(VLOOKUP(H17,$P$18:$Q$100,2,FALSE),TODAY(),"Y") -> 20 | I18: =DATEDIF(VLOOKUP(I17,$P$18:$Q$100,2,FALSE),TODAY(),"Y") -> 18 | ... L18: =DATEDIF(VLOOKUP(L17,$P$18:$Q$100,2,FALSE),TODAY(),"Y") -> 20 | N18: =AVERAGE(B18:M18) -> 19.636364 | P18: Sarcevic | Q18: 39078 | T18: 35
P19: Moswitzer | Q19: 38409
A20: Wels | B20: Hamzic | C20: Zabransky | D20: Zikovic | E20: Ivanschitz | F20: Mendes | G20: Riquelme | H20: Aguilar | I20: Moser | J20: Lukic | K20: Hussauf | L20: Verhounig | P20: Pokorny | Q20: 39501
B21: =DATEDIF(VLOOKUP(B20,$P$18:$Q$100,2,FALSE),TODAY(),"Y") -> 19 | C21: =DATEDIF(VLOOKUP(C20,$P$18:$Q$100,2,FALSE),TODAY(),"Y") -> 19 | D21: =DATEDIF(VLOOKUP(D20,$P$18:$Q$100,2,FALSE),TODAY(),"Y") -> 21 | E21: =DATEDIF(VLOOKUP(E20,$P$18:$Q$100,2,FALSE),TODAY(),"Y") -> 19 | F21: =DATEDIF(VLOOKUP(F20,$P$18:$Q$100,2,FALSE),TODAY(),"Y") -> 21 | G21: =DATEDIF(VLOOKUP(G20,$P$18:$Q$100,2,FALSE),TODAY(),"Y") -> 20 | H21: =DATEDIF(VLOOKUP(H20,$P$18:$Q$100,2,FALSE),TODAY(),"Y") -> 19 | I21: =DATEDIF(VLOOKUP(I20,$P$18:$Q$100,2,FALSE),TODAY(),"Y") -> 18 | ... L21: =DATEDIF(VLOOKUP(L20,$P$18:$Q$100,2,FALSE),TODAY(),"Y") -> 20 | N21: =AVERAGE(B21:M21) -> 19.545455 | P21: Brandtner | Q21: 38778
P22: Striednig | Q22: 38775
A23: Stripfing | B23: Zawieschitzky | C23: Adejenughure | D23: Zikovic | E23: Brandtner | F23: Mendes | G23: Riquelme | H23: Aguilar | I23: Moser | J23: Lukic | K23: Hussauf | L23: Verhounig | P23: Riquelme | Q23: 38724
B24: =DATEDIF(VLOOKUP(B23,$P$18:$Q$100,2,FALSE),TODAY(),"Y") -> 19 | C24: =DATEDIF(VLOOKUP(C23,$P$18:$Q$100,2,FALSE),TODAY(),"Y") -> 19 | D24: =DATEDIF(VLOOKUP(D23,$P$18:$Q$100,2,FALSE),TODAY(),"Y") -> 21 | E24: =DATEDIF(VLOOKUP(E23,$P$18:$Q$100,2,FALSE),TODAY(),"Y") -> 20 | F24: =DATEDIF(VLOOKUP(F23,$P$18:$Q$100,2,FALSE),TODAY(),"Y") -> 21 | G24: =DATEDIF(VLOOKUP(G23,$P$18:$Q$100,2,FALSE),TODAY(),"Y") -> 20 | H24: =DATEDIF(VLOOKUP(H23,$P$18:$Q$100,2,FALSE),TODAY(),"Y") -> 19 | I24: =DATEDIF(VLOOKUP(I23,$P$18:$Q$100,2,FALSE),TODAY(),"Y") -> 18 | ... L24: =DATEDIF(VLOOKUP(L23,$P$18:$Q$100,2,FALSE),TODAY(),"Y") -> 20 | N24: =AVERAGE(B24:M24) -> 19.636364 | P24: Rackl | Q24: 38762
P25: Moser | Q25: 39463
A26: Amstetten | B26: Sarcevic | C26: Rackl | D26: Zikovic | E26: Striednig | F26: Zabransky | G26: Riquelme | H26: Aguilar | I26: Moser | J26: Lukic | K26: Hussauf | L26: Verhounig | P26: Camara | Q26: 38990
B27: =DATEDIF(VLOOKUP(B26,$P$18:$Q$100,2,FALSE),TODAY(),"Y") -> 19 | C27: =DATEDIF(VLOOKUP(C26,$P$18:$Q$100,2,FALSE),TODAY(),"Y") -> 20 | D27: =DATEDIF(VLOOKUP(D26,$P$18:$Q$100,2,FALSE),TODAY(),"Y") -> 21 | E27: =DATEDIF(VLOOKUP(E26,$P$18:$Q$100,2,FALSE),TODAY(),"Y") -> 20 | F27: =DATEDIF(VLOOKUP(F26,$P$18:$Q$100,2,FALSE),TODAY(),"Y") -> 19 | G27: =DATEDIF(VLOOKUP(G26,$P$18:$Q$100,2,FALSE),TODAY(),"Y") -> 20 | H27: =DATEDIF(VLOOKUP(H26,$P$18:$Q$100,2,FALSE),TODAY(),"Y") -> 19 | I27: =DATEDIF(VLOOKUP(I26,$P$18:$Q$100,2,FALSE),TODAY(),"Y") -> 18 | ... L27: =DATEDIF(VLOOKUP(L26,$P$18:$Q$100,2,FALSE),TODAY(),"Y") -> 20 | N27: =AVERAGE(B27:M27) -> 19.545455 | P27: Verhounig | Q27: 38722
P28: Lukic | Q28: 38982
A29: FAC | B29: Zawieschitzky | C29: Rackl | D29: Zikovic | E29: Striednig | F29: Camara | G29: Riquelme | H29: Aguilar | I29: Schuster | J29: Lukic | K29: Hussauf | L29: Verhounig | P29: Zikovic | Q29: 38373
B30: =DATEDIF(VLOOKUP(B29,$P$18:$Q$100,2,FALSE),TODAY(),"Y") -> 19 | C30: =DATEDIF(VLOOKUP(C29,$P$18:$Q$100,2,FALSE),TODAY(),"Y") -> 20 | D30: =DATEDIF(VLOOKUP(D29,$P$18:$Q$100,2,FALSE),TODAY(),"Y") -> 21 | E30: =DATEDIF(VLOOKUP(E29,$P$18:$Q$100,2,FALSE),TODAY(),"Y") -> 20 | F30: =DATEDIF(VLOOKUP(F29,$P$18:$Q$100,2,FALSE),TODAY(),"Y") -> 19 | G30: =DATEDIF(VLOOKUP(G29,$P$18:$Q$100,2,FALSE),TODAY(),"Y") -> 20 | H30: =DATEDIF(VLOOKUP(H29,$P$18:$Q$100,2,FALSE),TODAY(),"Y") -> 19 | I30: =DATEDIF(VLOOKUP(I29,$P$18:$Q$100,2,FALSE),TODAY(),"Y") -> 20 | ... L30: =DATEDIF(VLOOKUP(L29,$P$18:$Q$100,2,FALSE),TODAY(),"Y") -> 20 | N30: =AVERAGE(B30:M30) -> 19.727273 | P30: Rohrmoser | Q30: 39117
P31: Aguilar | Q31: 39109
A32: St. Pölten | B32: Zawieschitzky | C32: Zabransky | D32: Zikovic | E32: Striednig | F32: Camara | G32: Riquelme | H32: Aguilar | I32: Murillo | J32: Lukic | K32: Hussauf | L32: Brandtner | P32: Zawieschitzky | Q32: 39204
B33: =DATEDIF(VLOOKUP(B32,$P$18:$Q$100,2,FALSE),TODAY(),"Y") -> 19 | C33: =DATEDIF(VLOOKUP(C32,$P$18:$Q$100,2,FALSE),TODAY(),"Y") -> 19 | D33: =DATEDIF(VLOOKUP(D32,$P$18:$Q$100,2,FALSE),TODAY(),"Y") -> 21 | E33: =DATEDIF(VLOOKUP(E32,$P$18:$Q$100,2,FALSE),TODAY(),"Y") -> 20 | F33: =DATEDIF(VLOOKUP(F32,$P$18:$Q$100,2,FALSE),TODAY(),"Y") -> 19 | G33: =DATEDIF(VLOOKUP(G32,$P$18:$Q$100,2,FALSE),TODAY(),"Y") -> 20 | H33: =DATEDIF(VLOOKUP(H32,$P$18:$Q$100,2,FALSE),TODAY(),"Y") -> 19 | I33: =DATEDIF(VLOOKUP(I32,$P$18:$Q$100,2,FALSE),TODAY(),"Y") -> 19 | ... L33: =DATEDIF(VLOOKUP(L32,$P$18:$Q$100,2,FALSE),TODAY(),"Y") -> 20 | N33: =AVERAGE(B33:M33) -> 19.545455 | P33: Schuster | Q33: 38853
P34: Trummer | Q34: 38666
A35: Young Violets | B35: Sarcevic | C35: Ivanschitz | D35: Zikovic | E35: Striednig | F35: Camara | G35: Mendes | H35: Aguilar | I35: Murillo | J35: Lukic | K35: Hussauf | L35: Brandtner | P35: Adejenughure | Q35: 39117
B36: =DATEDIF(VLOOKUP(B35,$P$18:$Q$100,2,FALSE),TODAY(),"Y") -> 19 | C36: =DATEDIF(VLOOKUP(C35,$P$18:$Q$100,2,FALSE),TODAY(),"Y") -> 19 | D36: =DATEDIF(VLOOKUP(D35,$P$18:$Q$100,2,FALSE),TODAY(),"Y") -> 21 | E36: =DATEDIF(VLOOKUP(E35,$P$18:$Q$100,2,FALSE),TODAY(),"Y") -> 20 | F36: =DATEDIF(VLOOKUP(F35,$P$18:$Q$100,2,FALSE),TODAY(),"Y") -> 19 | G36: =DATEDIF(VLOOKUP(G35,$P$18:$Q$100,2,FALSE),TODAY(),"Y") -> 21 | H36: =DATEDIF(VLOOKUP(H35,$P$18:$Q$100,2,FALSE),TODAY(),"Y") -> 19 | I36: =DATEDIF(VLOOKUP(I35,$P$18:$Q$100,2,FALSE),TODAY(),"Y") -> 19 | ... L36: =DATEDIF(VLOOKUP(L35,$P$18:$Q$100,2,FALSE),TODAY(),"Y") -> 20 | N36: =AVERAGE(B36:M36) -> 19.636364 | P36: Hamzic | Q36: 38977
P37: Hussauf | Q37: 38815
A38: Kapfenberg | B38: Sarcevic | C38: Ivanschitz | D38: Zikovic | E38: Striednig | F38: Camara | G38: Mendes | H38: Neto | I38: Murillo | J38: Lukic | K38: Hussauf | L38: Brandtner | P38: Mendes | Q38: 38151
B39: =DATEDIF(VLOOKUP(B38,$P$18:$Q$100,2,FALSE),TODAY(),"Y") -> 19 | C39: =DATEDIF(VLOOKUP(C38,$P$18:$Q$100,2,FALSE),TODAY(),"Y") -> 19 | D39: =DATEDIF(VLOOKUP(D38,$P$18:$Q$100,2,FALSE),TODAY(),"Y") -> 21 | E39: =DATEDIF(VLOOKUP(E38,$P$18:$Q$100,2,FALSE),TODAY(),"Y") -> 20 | F39: =DATEDIF(VLOOKUP(F38,$P$18:$Q$100,2,FALSE),TODAY(),"Y") -> 19 | G39: =DATEDIF(VLOOKUP(G38,$P$18:$Q$100,2,FALSE),TODAY(),"Y") -> 21 | H39: =DATEDIF(VLOOKUP(H38,$P$18:$Q$100,2,FALSE),TODAY(),"Y") -> 20 | I39: =DATEDIF(VLOOKUP(I38,$P$18:$Q$100,2,FALSE),TODAY(),"Y") -> 19 | ... L39: =DATEDIF(VLOOKUP(L38,$P$18:$Q$100,2,FALSE),TODAY(),"Y") -> 20 | N39: =AVERAGE(B39:M39) -> 19.727273 | P39: Zabransky | Q39: 39115
P40: Ivanschitz | Q40: 39179
A41: Admira | B41: Sarcevic | C41: Ivanschitz | D41: Zabransky | E41: Striednig | F41: Camara | G41: Mendes | H41: Erdogan | I41: Murillo | J41: Aguilar | K41: Hussauf | L41: Brandtner | P41: Murillo | Q41: 38994
B42: =DATEDIF(VLOOKUP(B41,$P$18:$Q$100,2,FALSE),TODAY(),"Y") -> 19 | C42: =DATEDIF(VLOOKUP(C41,$P$18:$Q$100,2,FALSE),TODAY(),"Y") -> 19 | D42: =DATEDIF(VLOOKUP(D41,$P$18:$Q$100,2,FALSE),TODAY(),"Y") -> 19 | E42: =DATEDIF(VLOOKUP(E41,$P$18:$Q$100,2,FALSE),TODAY(),"Y") -> 20 | F42: =DATEDIF(VLOOKUP(F41,$P$18:$Q$100,2,FALSE),TODAY(),"Y") -> 19 | G42: =DATEDIF(VLOOKUP(G41,$P$18:$Q$100,2,FALSE),TODAY(),"Y") -> 21 | H42: =DATEDIF(VLOOKUP(H41,$P$18:$Q$100,2,FALSE),TODAY(),"Y") -> 19 | I42: =DATEDIF(VLOOKUP(I41,$P$18:$Q$100,2,FALSE),TODAY(),"Y") -> 19 | ... L42: =DATEDIF(VLOOKUP(L41,$P$18:$Q$100,2,FALSE),TODAY(),"Y") -> 20 | N42: =AVERAGE(B42:M42) -> 19.454545 | P42: Neto | Q42: 38581
P43: Erdogan | Q43: 38932
A44: Klagenfurt | B44: Sarcevic | C44: Ivanschitz | D44: Zabransky | E44: Striednig | F44: Camara | G44: Zikovic | H44: Neto | I44: Verhounig | J44: Sulzbacher | K44: Hussauf | L44: Brandtner | P44: Sulzbacher | Q44: 38422
B45: =DATEDIF(VLOOKUP(B44,$P$18:$Q$100,2,FALSE),TODAY(),"Y") -> 19 | C45: =DATEDIF(VLOOKUP(C44,$P$18:$Q$100,2,FALSE),TODAY(),"Y") -> 19 | D45: =DATEDIF(VLOOKUP(D44,$P$18:$Q$100,2,FALSE),TODAY(),"Y") -> 19 | E45: =DATEDIF(VLOOKUP(E44,$P$18:$Q$100,2,FALSE),TODAY(),"Y") -> 20 | F45: =DATEDIF(VLOOKUP(F44,$P$18:$Q$100,2,FALSE),TODAY(),"Y") -> 19 | G45: =DATEDIF(VLOOKUP(G44,$P$18:$Q$100,2,FALSE),TODAY(),"Y") -> 21 | H45: =DATEDIF(VLOOKUP(H44,$P$18:$Q$100,2,FALSE),TODAY(),"Y") -> 20 | I45: =DATEDIF(VLOOKUP(I44,$P$18:$Q$100,2,FALSE),TODAY(),"Y") -> 20 | ... L45: =DATEDIF(VLOOKUP(L44,$P$18:$Q$100,2,FALSE),TODAY(),"Y") -> 20 | N45: =AVERAGE(B45:M45) -> 19.818182 | P45: Freund | Q45: 39186
P46: Zangerl | Q46: 39198
A47: Lustenau | B47: Zawieschitzky | C47: Ivanschitz | D47: Mendes | E47: Striednig | F47: Camara | G47: Zikovic | H47: Aguilar | I47: Verhounig | J47: Lukic | K47: Hussauf | L47: Brandtner | P47: Palacios | Q47: 39132
B48: =DATEDIF(VLOOKUP(B47,$P$18:$Q$100,2,FALSE),TODAY(),"Y") -> 19 | C48: =DATEDIF(VLOOKUP(C47,$P$18:$Q$100,2,FALSE),TODAY(),"Y") -> 19 | D48: =DATEDIF(VLOOKUP(D47,$P$18:$Q$100,2,FALSE),TODAY(),"Y") -> 21 | E48: =DATEDIF(VLOOKUP(E47,$P$18:$Q$100,2,FALSE),TODAY(),"Y") -> 20 | F48: =DATEDIF(VLOOKUP(F47,$P$18:$Q$100,2,FALSE),TODAY(),"Y") -> 19 | G48: =DATEDIF(VLOOKUP(G47,$P$18:$Q$100,2,FALSE),TODAY(),"Y") -> 21 | H48: =DATEDIF(VLOOKUP(H47,$P$18:$Q$100,2,FALSE),TODAY(),"Y") -> 19 | I48: =DATEDIF(VLOOKUP(I47,$P$18:$Q$100,2,FALSE),TODAY(),"Y") -> 20 | ... L48: =DATEDIF(VLOOKUP(L47,$P$18:$Q$100,2,FALSE),TODAY(),"Y") -> 20 | N48: =AVERAGE(B48:L48) -> 19.727273 | P48: Chase | Q48: 38070
P49: Scharner | Q49: 38454
A50: Rapid | B50: Sarcevic | C50: Ivanschitz | D50: Neto | E50: Striednig | F50: Camara | G50: Zikovic | H50: Zabransky | I50: Verhounig | J50: Freund | K50: Hussauf | L50: Brandtner | P50: Mellberg | Q50: 38928
B51: =DATEDIF(VLOOKUP(B50,$P$18:$Q$100,2,FALSE),TODAY(),"Y") -> 19 | C51: =DATEDIF(VLOOKUP(C50,$P$18:$Q$100,2,FALSE),TODAY(),"Y") -> 19 | D51: =DATEDIF(VLOOKUP(D50,$P$18:$Q$100,2,FALSE),TODAY(),"Y") -> 20 | E51: =DATEDIF(VLOOKUP(E50,$P$18:$Q$100,2,FALSE),TODAY(),"Y") -> 20 | F51: =DATEDIF(VLOOKUP(F50,$P$18:$Q$100,2,FALSE),TODAY(),"Y") -> 19 | G51: =DATEDIF(VLOOKUP(G50,$P$18:$Q$100,2,FALSE),TODAY(),"Y") -> 21 | H51: =DATEDIF(VLOOKUP(H50,$P$18:$Q$100,2,FALSE),TODAY(),"Y") -> 19 | I51: =DATEDIF(VLOOKUP(I50,$P$18:$Q$100,2,FALSE),TODAY(),"Y") -> 20 | ... L51: =DATEDIF(VLOOKUP(L50,$P$18:$Q$100,2,FALSE),TODAY(),"Y") -> 20 | N51: =AVERAGE(B51:L51) -> 19.636364 | P51: Matjasec | Q51: 39866
P52: Masching | Q52: 39723
A53: Vienna | B53: Zawieschitzky | C53: Ivanschitz | D53: Pokorny | E53: Striednig | F53: Camara | G53: Zangerl | H53: Riquelme | I53: Sulzbacher | J53: Aguilar | K53: Hussauf | L53: Adejenughure
B54: =DATEDIF(VLOOKUP(B53,$P$18:$Q$100,2,FALSE),TODAY(),"Y") -> 19 | C54: =DATEDIF(VLOOKUP(C53,$P$18:$Q$100,2,FALSE),TODAY(),"Y") -> 19 | D54: =DATEDIF(VLOOKUP(D53,$P$18:$Q$100,2,FALSE),TODAY(),"Y") -> 18 | E54: =DATEDIF(VLOOKUP(E53,$P$18:$Q$100,2,FALSE),TODAY(),"Y") -> 20 | F54: =DATEDIF(VLOOKUP(F53,$P$18:$Q$100,2,FALSE),TODAY(),"Y") -> 19 | G54: =DATEDIF(VLOOKUP(G53,$P$18:$Q$100,2,FALSE),TODAY(),"Y") -> 19 | H54: =DATEDIF(VLOOKUP(H53,$P$18:$Q$100,2,FALSE),TODAY(),"Y") -> 20 | I54: =DATEDIF(VLOOKUP(I53,$P$18:$Q$100,2,FALSE),TODAY(),"Y") -> 21 | ... L54: =DATEDIF(VLOOKUP(L53,$P$18:$Q$100,2,FALSE),TODAY(),"Y") -> 19 | N54: =AVERAGE(B54:L54) -> 19.363636
A56: Bregenz | B56: Zawieschitzky | C56: Ivanschitz | D56: Moswitzer | E56: Striednig | F56: Camara | G56: Zangerl | H56: Brandtner | I56: Sulzbacher | J56: Aguilar | K56: Palacios | L56: Verhounig
B57: =DATEDIF(VLOOKUP(B56,$P$18:$Q$100,2,FALSE),TODAY(),"Y") -> 19 | C57: =DATEDIF(VLOOKUP(C56,$P$18:$Q$100,2,FALSE),TODAY(),"Y") -> 19 | D57: =DATEDIF(VLOOKUP(D56,$P$18:$Q$100,2,FALSE),TODAY(),"Y") -> 21 | E57: =DATEDIF(VLOOKUP(E56,$P$18:$Q$100,2,FALSE),TODAY(),"Y") -> 20 | F57: =DATEDIF(VLOOKUP(F56,$P$18:$Q$100,2,FALSE),TODAY(),"Y") -> 19 | G57: =DATEDIF(VLOOKUP(G56,$P$18:$Q$100,2,FALSE),TODAY(),"Y") -> 19 | H57: =DATEDIF(VLOOKUP(H56,$P$18:$Q$100,2,FALSE),TODAY(),"Y") -> 20 | I57: =DATEDIF(VLOOKUP(I56,$P$18:$Q$100,2,FALSE),TODAY(),"Y") -> 21 | ... L57: =DATEDIF(VLOOKUP(L56,$P$18:$Q$100,2,FALSE),TODAY(),"Y") -> 20 | N57: =AVERAGE(B57:L57) -> 19.636364
A59: Sturm | B59: Hamzic | C59: Ivanschitz | D59: Zabransky | E59: Riquelme | F59: Moser | G59: Hussauf | H59: Brandtner | I59: Sulzbacher | J59: Chase | K59: Adejenughure | L59: Verhounig
B60: =DATEDIF(VLOOKUP(B59,$P$18:$Q$100,2,FALSE),TODAY(),"Y") -> 19 | C60: =DATEDIF(VLOOKUP(C59,$P$18:$Q$100,2,FALSE),TODAY(),"Y") -> 19 | D60: =DATEDIF(VLOOKUP(D59,$P$18:$Q$100,2,FALSE),TODAY(),"Y") -> 19 | E60: =DATEDIF(VLOOKUP(E59,$P$18:$Q$100,2,FALSE),TODAY(),"Y") -> 20 | F60: =DATEDIF(VLOOKUP(F59,$P$18:$Q$100,2,FALSE),TODAY(),"Y") -> 18 | G60: =DATEDIF(VLOOKUP(G59,$P$18:$Q$100,2,FALSE),TODAY(),"Y") -> 20 | H60: =DATEDIF(VLOOKUP(H59,$P$18:$Q$100,2,FALSE),TODAY(),"Y") -> 20 | I60: =DATEDIF(VLOOKUP(I59,$P$18:$Q$100,2,FALSE),TODAY(),"Y") -> 21 | ... L60: =DATEDIF(VLOOKUP(L59,$P$18:$Q$100,2,FALSE),TODAY(),"Y") -> 20 | N60: =AVERAGE(B60:L60) -> 19.727273
A62: Austria S. | B62: Zawieschitzky | C62: Ivanschitz | D62: Zabransky | E62: Riquelme | F62: Zangerl | G62: Hussauf | H62: Scharner | I62: Camara | J62: Chase | K62: Adejenughure | L62: Verhounig
B63: =DATEDIF(VLOOKUP(B62,$P$18:$Q$100,2,FALSE),TODAY(),"Y") -> 19 | C63: =DATEDIF(VLOOKUP(C62,$P$18:$Q$100,2,FALSE),TODAY(),"Y") -> 19 | D63: =DATEDIF(VLOOKUP(D62,$P$18:$Q$100,2,FALSE),TODAY(),"Y") -> 19 | E63: =DATEDIF(VLOOKUP(E62,$P$18:$Q$100,2,FALSE),TODAY(),"Y") -> 20 | F63: =DATEDIF(VLOOKUP(F62,$P$18:$Q$100,2,FALSE),TODAY(),"Y") -> 19 | G63: =DATEDIF(VLOOKUP(G62,$P$18:$Q$100,2,FALSE),TODAY(),"Y") -> 20 | H63: =DATEDIF(VLOOKUP(H62,$P$18:$Q$100,2,FALSE),TODAY(),"Y") -> 21 | I63: =DATEDIF(VLOOKUP(I62,$P$18:$Q$100,2,FALSE),TODAY(),"Y") -> 19 | ... L63: =DATEDIF(VLOOKUP(L62,$P$18:$Q$100,2,FALSE),TODAY(),"Y") -> 20 | N63: =AVERAGE(B63:L63) -> 19.727273
A65: Wels | B65: Zawieschitzky | C65: Ivanschitz | D65: Zabransky | E65: Riquelme | F65: Zangerl | G65: Hussauf | H65: Brandtner | I65: Camara | J65: Aguilar | K65: Sulzbacher | L65: Verhounig
B66: =DATEDIF(VLOOKUP(B65,$P$18:$Q$100,2,FALSE),TODAY(),"Y") -> 19 | C66: =DATEDIF(VLOOKUP(C65,$P$18:$Q$100,2,FALSE),TODAY(),"Y") -> 19 | D66: =DATEDIF(VLOOKUP(D65,$P$18:$Q$100,2,FALSE),TODAY(),"Y") -> 19 | E66: =DATEDIF(VLOOKUP(E65,$P$18:$Q$100,2,FALSE),TODAY(),"Y") -> 20 | F66: =DATEDIF(VLOOKUP(F65,$P$18:$Q$100,2,FALSE),TODAY(),"Y") -> 19 | G66: =DATEDIF(VLOOKUP(G65,$P$18:$Q$100,2,FALSE),TODAY(),"Y") -> 20 | H66: =DATEDIF(VLOOKUP(H65,$P$18:$Q$100,2,FALSE),TODAY(),"Y") -> 20 | I66: =DATEDIF(VLOOKUP(I65,$P$18:$Q$100,2,FALSE),TODAY(),"Y") -> 19 | ... L66: =DATEDIF(VLOOKUP(L65,$P$18:$Q$100,2,FALSE),TODAY(),"Y") -> 20 | N66: =AVERAGE(B66:L66) -> 19.545455
A68: Amstetten | B68: Hamzic | C68: Ivanschitz | D68: Murillo | E68: Riquelme | F68: Zangerl | G68: Moswitzer | H68: Brandtner | I68: Lukic | J68: Trummer | K68: Sulzbacher | L68: Verhounig
B69: =DATEDIF(VLOOKUP(B68,$P$18:$Q$100,2,FALSE),TODAY(),"Y") -> 19 | C69: =DATEDIF(VLOOKUP(C68,$P$18:$Q$100,2,FALSE),TODAY(),"Y") -> 19 | D69: =DATEDIF(VLOOKUP(D68,$P$18:$Q$100,2,FALSE),TODAY(),"Y") -> 19 | E69: =DATEDIF(VLOOKUP(E68,$P$18:$Q$100,2,FALSE),TODAY(),"Y") -> 20 | F69: =DATEDIF(VLOOKUP(F68,$P$18:$Q$100,2,FALSE),TODAY(),"Y") -> 19 | G69: =DATEDIF(VLOOKUP(G68,$P$18:$Q$100,2,FALSE),TODAY(),"Y") -> 21 | H69: =DATEDIF(VLOOKUP(H68,$P$18:$Q$100,2,FALSE),TODAY(),"Y") -> 20 | I69: =DATEDIF(VLOOKUP(I68,$P$18:$Q$100,2,FALSE),TODAY(),"Y") -> 19 | ... L69: =DATEDIF(VLOOKUP(L68,$P$18:$Q$100,2,FALSE),TODAY(),"Y") -> 20 | N69: =AVERAGE(B69:L69) -> 19.727273
A71: FAC | B71: Zawieschitzky | C71: Zabransky | D71: Murillo | E71: Riquelme | F71: Zangerl | G71: Moser | H71: Brandtner | I71: Aguilar | J71: Trummer | K71: Sulzbacher | L71: Verhounig
B72: =DATEDIF(VLOOKUP(B71,$P$18:$Q$100,2,FALSE),TODAY(),"Y") -> 19 | C72: =DATEDIF(VLOOKUP(C71,$P$18:$Q$100,2,FALSE),TODAY(),"Y") -> 19 | D72: =DATEDIF(VLOOKUP(D71,$P$18:$Q$100,2,FALSE),TODAY(),"Y") -> 19 | E72: =DATEDIF(VLOOKUP(E71,$P$18:$Q$100,2,FALSE),TODAY(),"Y") -> 20 | F72: =DATEDIF(VLOOKUP(F71,$P$18:$Q$100,2,FALSE),TODAY(),"Y") -> 19 | G72: =DATEDIF(VLOOKUP(G71,$P$18:$Q$100,2,FALSE),TODAY(),"Y") -> 18 | H72: =DATEDIF(VLOOKUP(H71,$P$18:$Q$100,2,FALSE),TODAY(),"Y") -> 20 | I72: =DATEDIF(VLOOKUP(I71,$P$18:$Q$100,2,FALSE),TODAY(),"Y") -> 19 | ... L72: =DATEDIF(VLOOKUP(L71,$P$18:$Q$100,2,FALSE),TODAY(),"Y") -> 20 | N72: =AVERAGE(B72:L72) -> 19.454545
A74: St. Pölten | B74: Zawieschitzky | C74: Zabransky | D74: Camara | E74: Riquelme | F74: Zangerl | G74: Moser | H74: Brandtner | I74: Scharner | J74: Trummer | K74: Sulzbacher | L74: Verhounig
B75: =DATEDIF(VLOOKUP(B74,$P$18:$Q$100,2,FALSE),TODAY(),"Y") -> 19 | C75: =DATEDIF(VLOOKUP(C74,$P$18:$Q$100,2,FALSE),TODAY(),"Y") -> 19 | D75: =DATEDIF(VLOOKUP(D74,$P$18:$Q$100,2,FALSE),TODAY(),"Y") -> 19 | E75: =DATEDIF(VLOOKUP(E74,$P$18:$Q$100,2,FALSE),TODAY(),"Y") -> 20 | F75: =DATEDIF(VLOOKUP(F74,$P$18:$Q$100,2,FALSE),TODAY(),"Y") -> 19 | G75: =DATEDIF(VLOOKUP(G74,$P$18:$Q$100,2,FALSE),TODAY(),"Y") -> 18 | H75: =DATEDIF(VLOOKUP(H74,$P$18:$Q$100,2,FALSE),TODAY(),"Y") -> 20 | I75: =DATEDIF(VLOOKUP(I74,$P$18:$Q$100,2,FALSE),TODAY(),"Y") -> 21 | ... L75: =DATEDIF(VLOOKUP(L74,$P$18:$Q$100,2,FALSE),TODAY(),"Y") -> 20 | N75: =AVERAGE(B75:L75) -> 19.636364
A77: Young Violets | B77: Sarcevic | C77: Zabransky | D77: Camara | E77: Riquelme | F77: Zangerl | G77: Moser | H77: Brandtner | I77: Palacios | J77: Ivanschitz | K77: Sulzbacher | L77: Verhounig
B78: =DATEDIF(VLOOKUP(B77,$P$18:$Q$100,2,FALSE),TODAY(),"Y") -> 19 | C78: =DATEDIF(VLOOKUP(C77,$P$18:$Q$100,2,FALSE),TODAY(),"Y") -> 19 | D78: =DATEDIF(VLOOKUP(D77,$P$18:$Q$100,2,FALSE),TODAY(),"Y") -> 19 | E78: =DATEDIF(VLOOKUP(E77,$P$18:$Q$100,2,FALSE),TODAY(),"Y") -> 20 | F78: =DATEDIF(VLOOKUP(F77,$P$18:$Q$100,2,FALSE),TODAY(),"Y") -> 19 | G78: =DATEDIF(VLOOKUP(G77,$P$18:$Q$100,2,FALSE),TODAY(),"Y") -> 18 | H78: =DATEDIF(VLOOKUP(H77,$P$18:$Q$100,2,FALSE),TODAY(),"Y") -> 20 | I78: =DATEDIF(VLOOKUP(I77,$P$18:$Q$100,2,FALSE),TODAY(),"Y") -> 19 | ... L78: =DATEDIF(VLOOKUP(L77,$P$18:$Q$100,2,FALSE),TODAY(),"Y") -> 20 | N78: =AVERAGE(B78:L78) -> 19.363636
A80: Kapfenberg | B80: Hamzic | C80: Zabransky | D80: Camara | E80: Riquelme | F80: Zangerl | G80: Moser | H80: Freund | I80: Adejenughure | J80: Hussauf | K80: Mellberg | L80: Verhounig
B81: =DATEDIF(VLOOKUP(B80,$P$18:$Q$100,2,FALSE),TODAY(),"Y") -> 19 | C81: =DATEDIF(VLOOKUP(C80,$P$18:$Q$100,2,FALSE),TODAY(),"Y") -> 19 | D81: =DATEDIF(VLOOKUP(D80,$P$18:$Q$100,2,FALSE),TODAY(),"Y") -> 19 | E81: =DATEDIF(VLOOKUP(E80,$P$18:$Q$100,2,FALSE),TODAY(),"Y") -> 20 | F81: =DATEDIF(VLOOKUP(F80,$P$18:$Q$100,2,FALSE),TODAY(),"Y") -> 19 | G81: =DATEDIF(VLOOKUP(G80,$P$18:$Q$100,2,FALSE),TODAY(),"Y") -> 18 | H81: =DATEDIF(VLOOKUP(H80,$P$18:$Q$100,2,FALSE),TODAY(),"Y") -> 19 | I81: =DATEDIF(VLOOKUP(I80,$P$18:$Q$100,2,FALSE),TODAY(),"Y") -> 19 | ... L81: =DATEDIF(VLOOKUP(L80,$P$18:$Q$100,2,FALSE),TODAY(),"Y") -> 20 | N81: =AVERAGE(B81:L81) -> 19.181818
A83: Admira | B83: Sarcevic | C83: Zabransky | D83: Camara | E83: Riquelme | F83: Brandtner | G83: Palacios | H83: Freund | I83: Adejenughure | J83: Hussauf | K83: Mellberg | L83: Verhounig
B84: =DATEDIF(VLOOKUP(B83,$P$18:$Q$100,2,FALSE),TODAY(),"Y") -> 19 | C84: =DATEDIF(VLOOKUP(C83,$P$18:$Q$100,2,FALSE),TODAY(),"Y") -> 19 | D84: =DATEDIF(VLOOKUP(D83,$P$18:$Q$100,2,FALSE),TODAY(),"Y") -> 19 | E84: =DATEDIF(VLOOKUP(E83,$P$18:$Q$100,2,FALSE),TODAY(),"Y") -> 20 | F84: =DATEDIF(VLOOKUP(F83,$P$18:$Q$100,2,FALSE),TODAY(),"Y") -> 20 | G84: =DATEDIF(VLOOKUP(G83,$P$18:$Q$100,2,FALSE),TODAY(),"Y") -> 19 | H84: =DATEDIF(VLOOKUP(H83,$P$18:$Q$100,2,FALSE),TODAY(),"Y") -> 19 | I84: =DATEDIF(VLOOKUP(I83,$P$18:$Q$100,2,FALSE),TODAY(),"Y") -> 19 | ... L84: =DATEDIF(VLOOKUP(L83,$P$18:$Q$100,2,FALSE),TODAY(),"Y") -> 20 | N84: =AVERAGE(B84:L84) -> 19.363636
A86: Klagenfurt | B86: Hamzic | C86: Pokorny | D86: Camara | E86: Riquelme | F86: Zangerl | G86: Palacios | H86: Freund | I86: Matjasec | J86: Hussauf | K86: Masching | L86: Verhounig
B87: =DATEDIF(VLOOKUP(B86,$P$18:$Q$100,2,FALSE),TODAY(),"Y") -> 19 | C87: =DATEDIF(VLOOKUP(C86,$P$18:$Q$100,2,FALSE),TODAY(),"Y") -> 18 | D87: =DATEDIF(VLOOKUP(D86,$P$18:$Q$100,2,FALSE),TODAY(),"Y") -> 19 | E87: =DATEDIF(VLOOKUP(E86,$P$18:$Q$100,2,FALSE),TODAY(),"Y") -> 20 | F87: =DATEDIF(VLOOKUP(F86,$P$18:$Q$100,2,FALSE),TODAY(),"Y") -> 19 | G87: =DATEDIF(VLOOKUP(G86,$P$18:$Q$100,2,FALSE),TODAY(),"Y") -> 19 | H87: =DATEDIF(VLOOKUP(H86,$P$18:$Q$100,2,FALSE),TODAY(),"Y") -> 19 | I87: =DATEDIF(VLOOKUP(I86,$P$18:$Q$100,2,FALSE),TODAY(),"Y") -> 17 | ... L87: =DATEDIF(VLOOKUP(L86,$P$18:$Q$100,2,FALSE),TODAY(),"Y") -> 20 | N87: =AVERAGE(B87:L87) -> 18.818182

Sheet Sturm
N1: =AVERAGE(N3:N99) -> 20.806061
A2: Amstetten | B2: Wiener-Pucher | C2: Mustafic | D2: Pernot | E2: Haider | F2: Soglo | G2: Bendra | H2: Weinhandl | I2: Scharmer | J2: Afrifa | K2: Gurmann | L2: Osayantin
B3: =DATEDIF(VLOOKUP(B2,$P$18:$Q$100,2,FALSE),TODAY(),"Y") -> 19 | C3: =DATEDIF(VLOOKUP(C2,$P$18:$Q$100,2,FALSE),TODAY(),"Y") -> 20 | D3: =DATEDIF(VLOOKUP(D2,$P$18:$Q$100,2,FALSE),TODAY(),"Y") -> 26 | E3: =DATEDIF(VLOOKUP(E2,$P$18:$Q$100,2,FALSE),TODAY(),"Y") -> 23 | F3: =DATEDIF(VLOOKUP(F2,$P$18:$Q$100,2,FALSE),TODAY(),"Y") -> 20 | G3: =DATEDIF(VLOOKUP(G2,$P$18:$Q$100,2,FALSE),TODAY(),"Y") -> 20 | H3: =DATEDIF(VLOOKUP(H2,$P$18:$Q$100,2,FALSE),TODAY(),"Y") -> 17 | I3: =DATEDIF(VLOOKUP(I2,$P$18:$Q$100,2,FALSE),TODAY(),"Y") -> 22 | ... L3: =DATEDIF(VLOOKUP(L2,$P$18:$Q$100,2,FALSE),TODAY(),"Y") -> 18 | N3: =AVERAGE(B3:M3) -> 20.272727
A5: Stripfing | B5: Lorenz | C5: Mustafic | D5: Pernot | E5: Lazarre | F5: Soglo | G5: Bendra | H5: Weinhandl | I5: Scharmer | J5: Geyrhofer | K5: Gurmann | L5: Osayantin
B6: =DATEDIF(VLOOKUP(B5,$P$18:$Q$100,2,FALSE),TODAY(),"Y") -> 20 | C6: =DATEDIF(VLOOKUP(C5,$P$18:$Q$100,2,FALSE),TODAY(),"Y") -> 20 | D6: =DATEDIF(VLOOKUP(D5,$P$18:$Q$100,2,FALSE),TODAY(),"Y") -> 26 | E6: =DATEDIF(VLOOKUP(E5,$P$18:$Q$100,2,FALSE),TODAY(),"Y") -> 18 | F6: =DATEDIF(VLOOKUP(F5,$P$18:$Q$100,2,FALSE),TODAY(),"Y") -> 20 | G6: =DATEDIF(VLOOKUP(G5,$P$18:$Q$100,2,FALSE),TODAY(),"Y") -> 20 | H6: =DATEDIF(VLOOKUP(H5,$P$18:$Q$100,2,FALSE),TODAY(),"Y") -> 17 | I6: =DATEDIF(VLOOKUP(I5,$P$18:$Q$100,2,FALSE),TODAY(),"Y") -> 22 | ... L6: =DATEDIF(VLOOKUP(L5,$P$18:$Q$100,2,FALSE),TODAY(),"Y") -> 18 | N6: =AVERAGE(B6:M6) -> 20.545455
A8: Liefering | B8: Lorenz | C8: Mustafic | D8: Pernot | E8: Haider | F8: Bakhty | G8: Bendra | H8: Weinhandl | I8: Scharmer | J8: Beck | K8: Gurmann | L8: Osayantin
B9: =DATEDIF(VLOOKUP(B8,$P$18:$Q$100,2,FALSE),TODAY(),"Y") -> 20 | C9: =DATEDIF(VLOOKUP(C8,$P$18:$Q$100,2,FALSE),TODAY(),"Y") -> 20 | D9: =DATEDIF(VLOOKUP(D8,$P$18:$Q$100,2,FALSE),TODAY(),"Y") -> 26 | E9: =DATEDIF(VLOOKUP(E8,$P$18:$Q$100,2,FALSE),TODAY(),"Y") -> 23 | F9: =DATEDIF(VLOOKUP(F8,$P$18:$Q$100,2,FALSE),TODAY(),"Y") -> 19 | G9: =DATEDIF(VLOOKUP(G8,$P$18:$Q$100,2,FALSE),TODAY(),"Y") -> 20 | H9: =DATEDIF(VLOOKUP(H8,$P$18:$Q$100,2,FALSE),TODAY(),"Y") -> 17 | I9: =DATEDIF(VLOOKUP(I8,$P$18:$Q$100,2,FALSE),TODAY(),"Y") -> 22 | ... L9: =DATEDIF(VLOOKUP(L8,$P$18:$Q$100,2,FALSE),TODAY(),"Y") -> 18 | N9: =AVERAGE(B9:M9) -> 20.454545
A11: Sturm | B11: Lorenz | C11: Mustafic | D11: Pernot | E11: Haider | F11: Afrifa | G11: Bendra | H11: Löcker | I11: Scharmer | J11: Lazarre | K11: Gurmann | L11: Osayantin
B12: =DATEDIF(VLOOKUP(B11,$P$18:$Q$100,2,FALSE),TODAY(),"Y") -> 20 | C12: =DATEDIF(VLOOKUP(C11,$P$18:$Q$100,2,FALSE),TODAY(),"Y") -> 20 | D12: =DATEDIF(VLOOKUP(D11,$P$18:$Q$100,2,FALSE),TODAY(),"Y") -> 26 | E12: =DATEDIF(VLOOKUP(E11,$P$18:$Q$100,2,FALSE),TODAY(),"Y") -> 23 | F12: =DATEDIF(VLOOKUP(F11,$P$18:$Q$100,2,FALSE),TODAY(),"Y") -> 19 | G12: =DATEDIF(VLOOKUP(G11,$P$18:$Q$100,2,FALSE),TODAY(),"Y") -> 20 | H12: =DATEDIF(VLOOKUP(H11,$P$18:$Q$100,2,FALSE),TODAY(),"Y") -> 21 | I12: =DATEDIF(VLOOKUP(I11,$P$18:$Q$100,2,FALSE),TODAY(),"Y") -> 22 | ... L12: =DATEDIF(VLOOKUP(L11,$P$18:$Q$100,2,FALSE),TODAY(),"Y") -> 18 | N12: =AVERAGE(B12:M12) -> 20.545455
A14: FAC | B14: Lorenz | C14: Mustafic | D14: Pernot | E14: Wolf | F14: Afrifa | G14: Bendra | H14: Koita | I14: Weinhandl | J14: Morgenstern | K14: Borkovic | L14: Osayantin
B15: =DATEDIF(VLOOKUP(B14,$P$18:$Q$100,2,FALSE),TODAY(),"Y") -> 20 | C15: =DATEDIF(VLOOKUP(C14,$P$18:$Q$100,2,FALSE),TODAY(),"Y") -> 20 | D15: =DATEDIF(VLOOKUP(D14,$P$18:$Q$100,2,FALSE),TODAY(),"Y") -> 26 | E15: =DATEDIF(VLOOKUP(E14,$P$18:$Q$100,2,FALSE),TODAY(),"Y") -> 19 | F15: =DATEDIF(VLOOKUP(F14,$P$18:$Q$100,2,FALSE),TODAY(),"Y") -> 19 | G15: =DATEDIF(VLOOKUP(G14,$P$18:$Q$100,2,FALSE),TODAY(),"Y") -> 20 | H15: =DATEDIF(VLOOKUP(H14,$P$18:$Q$100,2,FALSE),TODAY(),"Y") -> 20 | I15: =DATEDIF(VLOOKUP(I14,$P$18:$Q$100,2,FALSE),TODAY(),"Y") -> 17 | ... L15: =DATEDIF(VLOOKUP(L14,$P$18:$Q$100,2,FALSE),TODAY(),"Y") -> 18 | N15: =AVERAGE(B15:M15) -> 20.181818
A17: Lustenau | B17: Lorenz | C17: Bakhty | D17: Pernot | E17: Wolf | F17: Afrifa | G17: Gurmann | H17: Löcker | I17: Weinhandl | J17: Pirker | K17: Jastrzembski | L17: Osayantin
B18: =DATEDIF(VLOOKUP(B17,$P$18:$Q$100,2,FALSE),TODAY(),"Y") -> 20 | C18: =DATEDIF(VLOOKUP(C17,$P$18:$Q$100,2,FALSE),TODAY(),"Y") -> 19 | D18: =DATEDIF(VLOOKUP(D17,$P$18:$Q$100,2,FALSE),TODAY(),"Y") -> 26 | E18: =DATEDIF(VLOOKUP(E17,$P$18:$Q$100,2,FALSE),TODAY(),"Y") -> 19 | F18: =DATEDIF(VLOOKUP(F17,$P$18:$Q$100,2,FALSE),TODAY(),"Y") -> 19 | G18: =DATEDIF(VLOOKUP(G17,$P$18:$Q$100,2,FALSE),TODAY(),"Y") -> 19 | H18: =DATEDIF(VLOOKUP(H17,$P$18:$Q$100,2,FALSE),TODAY(),"Y") -> 21 | I18: =DATEDIF(VLOOKUP(I17,$P$18:$Q$100,2,FALSE),TODAY(),"Y") -> 17 | ... L18: =DATEDIF(VLOOKUP(L17,$P$18:$Q$100,2,FALSE),TODAY(),"Y") -> 18 | N18: =AVERAGE(B18:M18) -> 20.363636 | P18: Wiener-Pucher | Q18: 38998 | T18: 34
P19: Haider | Q19: 37425
A20: Young Violets | B20: Lorenz | C20: Borkovic | D20: Haider | E20: Scharmer | F20: Afrifa | G20: Gurmann | H20: Löcker | I20: Beck | J20: Mustafic | K20: Jastrzembski | L20: Osayantin | P20: Pernot | Q20: 36322
B21: =DATEDIF(VLOOKUP(B20,$P$18:$Q$100,2,FALSE),TODAY(),"Y") -> 20 | C21: =DATEDIF(VLOOKUP(C20,$P$18:$Q$100,2,FALSE),TODAY(),"Y") -> 26 | D21: =DATEDIF(VLOOKUP(D20,$P$18:$Q$100,2,FALSE),TODAY(),"Y") -> 23 | E21: =DATEDIF(VLOOKUP(E20,$P$18:$Q$100,2,FALSE),TODAY(),"Y") -> 22 | F21: =DATEDIF(VLOOKUP(F20,$P$18:$Q$100,2,FALSE),TODAY(),"Y") -> 19 | G21: =DATEDIF(VLOOKUP(G20,$P$18:$Q$100,2,FALSE),TODAY(),"Y") -> 19 | H21: =DATEDIF(VLOOKUP(H20,$P$18:$Q$100,2,FALSE),TODAY(),"Y") -> 21 | I21: =DATEDIF(VLOOKUP(I20,$P$18:$Q$100,2,FALSE),TODAY(),"Y") -> 21 | ... L21: =DATEDIF(VLOOKUP(L20,$P$18:$Q$100,2,FALSE),TODAY(),"Y") -> 18 | N21: =AVERAGE(B21:M21) -> 21.363636 | P21: Bendra | Q21: 38747
P22: Mustafic | Q22: 38602
A23: St. Pölten | B23: Lorenz | C23: Pirker | D23: Haider | E23: Scharmer | F23: Afrifa | G23: Wolf | H23: Sumbu | I23: Weinhandl | J23: Mustafic | K23: Jastrzembski | L23: Pernot | P23: Afrifa | Q23: 38873
B24: =DATEDIF(VLOOKUP(B23,$P$18:$Q$100,2,FALSE),TODAY(),"Y") -> 20 | C24: =DATEDIF(VLOOKUP(C23,$P$18:$Q$100,2,FALSE),TODAY(),"Y") -> 20 | D24: =DATEDIF(VLOOKUP(D23,$P$18:$Q$100,2,FALSE),TODAY(),"Y") -> 23 | E24: =DATEDIF(VLOOKUP(E23,$P$18:$Q$100,2,FALSE),TODAY(),"Y") -> 22 | F24: =DATEDIF(VLOOKUP(F23,$P$18:$Q$100,2,FALSE),TODAY(),"Y") -> 19 | G24: =DATEDIF(VLOOKUP(G23,$P$18:$Q$100,2,FALSE),TODAY(),"Y") -> 19 | H24: =DATEDIF(VLOOKUP(H23,$P$18:$Q$100,2,FALSE),TODAY(),"Y") -> 19 | I24: =DATEDIF(VLOOKUP(I23,$P$18:$Q$100,2,FALSE),TODAY(),"Y") -> 17 | ... L24: =DATEDIF(VLOOKUP(L23,$P$18:$Q$100,2,FALSE),TODAY(),"Y") -> 26 | N24: =AVERAGE(B24:M24) -> 21 | P24: Weinhandl | Q24: 39824
P25: Scharmer | Q25: 38030
A26: Bregenz | B26: Lorenz | C26: Borkovic | D26: Haider | E26: Scharmer | F26: Afrifa | G26: Wolf | H26: Sumbu | I26: Gurmann | J26: Mustafic | K26: Jastrzembski | L26: Pernot | P26: Gurmann | Q26: 38948
B27: =DATEDIF(VLOOKUP(B26,$P$18:$Q$100,2,FALSE),TODAY(),"Y") -> 20 | C27: =DATEDIF(VLOOKUP(C26,$P$18:$Q$100,2,FALSE),TODAY(),"Y") -> 26 | D27: =DATEDIF(VLOOKUP(D26,$P$18:$Q$100,2,FALSE),TODAY(),"Y") -> 23 | E27: =DATEDIF(VLOOKUP(E26,$P$18:$Q$100,2,FALSE),TODAY(),"Y") -> 22 | F27: =DATEDIF(VLOOKUP(F26,$P$18:$Q$100,2,FALSE),TODAY(),"Y") -> 19 | G27: =DATEDIF(VLOOKUP(G26,$P$18:$Q$100,2,FALSE),TODAY(),"Y") -> 19 | H27: =DATEDIF(VLOOKUP(H26,$P$18:$Q$100,2,FALSE),TODAY(),"Y") -> 19 | I27: =DATEDIF(VLOOKUP(I26,$P$18:$Q$100,2,FALSE),TODAY(),"Y") -> 19 | ... L27: =DATEDIF(VLOOKUP(L26,$P$18:$Q$100,2,FALSE),TODAY(),"Y") -> 26 | N27: =AVERAGE(B27:M27) -> 21.727273 | P27: Osayantin | Q27: 39252
P28: Soglo | Q28: 38544
A29: Vienna | B29: Lorenz | C29: Pirker | D29: Haider | E29: Scharmer | F29: Afrifa | G29: Weinhandl | H29: Sumbu | I29: Bendra | J29: Mustafic | K29: Jastrzembski | L29: Pernot | P29: Lazarre | Q29: 39243
B30: =DATEDIF(VLOOKUP(B29,$P$18:$Q$100,2,FALSE),TODAY(),"Y") -> 20 | C30: =DATEDIF(VLOOKUP(C29,$P$18:$Q$100,2,FALSE),TODAY(),"Y") -> 20 | D30: =DATEDIF(VLOOKUP(D29,$P$18:$Q$100,2,FALSE),TODAY(),"Y") -> 23 | E30: =DATEDIF(VLOOKUP(E29,$P$18:$Q$100,2,FALSE),TODAY(),"Y") -> 22 | F30: =DATEDIF(VLOOKUP(F29,$P$18:$Q$100,2,FALSE),TODAY(),"Y") -> 19 | G30: =DATEDIF(VLOOKUP(G29,$P$18:$Q$100,2,FALSE),TODAY(),"Y") -> 17 | H30: =DATEDIF(VLOOKUP(H29,$P$18:$Q$100,2,FALSE),TODAY(),"Y") -> 19 | I30: =DATEDIF(VLOOKUP(I29,$P$18:$Q$100,2,FALSE),TODAY(),"Y") -> 20 | ... L30: =DATEDIF(VLOOKUP(L29,$P$18:$Q$100,2,FALSE),TODAY(),"Y") -> 26 | N30: =AVERAGE(B30:M30) -> 21.090909 | P30: Geyrhofer | Q30: 36567
P31: Lorenz | Q31: 38803
A32: Klagenfurt | B32: Lorenz | C32: Pirker | D32: Haider | E32: Gurmann | F32: Koita | G32: Weinhandl | H32: Löcker | I32: Bendra | J32: Mustafic | K32: Jastrzembski | L32: Pernot | P32: Bakhty | Q32: 39050
B33: =DATEDIF(VLOOKUP(B32,$P$18:$Q$100,2,FALSE),TODAY(),"Y") -> 20 | C33: =DATEDIF(VLOOKUP(C32,$P$18:$Q$100,2,FALSE),TODAY(),"Y") -> 20 | D33: =DATEDIF(VLOOKUP(D32,$P$18:$Q$100,2,FALSE),TODAY(),"Y") -> 23 | E33: =DATEDIF(VLOOKUP(E32,$P$18:$Q$100,2,FALSE),TODAY(),"Y") -> 19 | F33: =DATEDIF(VLOOKUP(F32,$P$18:$Q$100,2,FALSE),TODAY(),"Y") -> 20 | G33: =DATEDIF(VLOOKUP(G32,$P$18:$Q$100,2,FALSE),TODAY(),"Y") -> 17 | H33: =DATEDIF(VLOOKUP(H32,$P$18:$Q$100,2,FALSE),TODAY(),"Y") -> 21 | I33: =DATEDIF(VLOOKUP(I32,$P$18:$Q$100,2,FALSE),TODAY(),"Y") -> 20 | ... L33: =DATEDIF(VLOOKUP(L32,$P$18:$Q$100,2,FALSE),TODAY(),"Y") -> 26 | N33: =AVERAGE(B33:M33) -> 21.090909 | P33: Beck | Q33: 38469
P34: Löcker | Q34: 38419
A35: Sturm | B35: Lorenz | C35: Pirker | D35: Haider | E35: Gurmann | F35: Koita | G35: Weinhandl | H35: Löcker | I35: Bendra | J35: Mustafic | K35: Jastrzembski | L35: Pernot | P35: Wolf | Q35: 38919
B36: =DATEDIF(VLOOKUP(B35,$P$18:$Q$100,2,FALSE),TODAY(),"Y") -> 20 | C36: =DATEDIF(VLOOKUP(C35,$P$18:$Q$100,2,FALSE),TODAY(),"Y") -> 20 | D36: =DATEDIF(VLOOKUP(D35,$P$18:$Q$100,2,FALSE),TODAY(),"Y") -> 23 | E36: =DATEDIF(VLOOKUP(E35,$P$18:$Q$100,2,FALSE),TODAY(),"Y") -> 19 | F36: =DATEDIF(VLOOKUP(F35,$P$18:$Q$100,2,FALSE),TODAY(),"Y") -> 20 | G36: =DATEDIF(VLOOKUP(G35,$P$18:$Q$100,2,FALSE),TODAY(),"Y") -> 17 | H36: =DATEDIF(VLOOKUP(H35,$P$18:$Q$100,2,FALSE),TODAY(),"Y") -> 21 | I36: =DATEDIF(VLOOKUP(I35,$P$18:$Q$100,2,FALSE),TODAY(),"Y") -> 20 | ... L36: =DATEDIF(VLOOKUP(L35,$P$18:$Q$100,2,FALSE),TODAY(),"Y") -> 26 | N36: =AVERAGE(B36:M36) -> 21.090909 | P36: Koita | Q36: 38799
P37: Morgenstern | Q37: 39609
A38: Admira | B38: Khudyakov | C38: Bakhty | D38: Haider | E38: Gurmann | F38: Koita | G38: Beck | H38: Osayantin | I38: Bendra | J38: Mustafic | K38: Jastrzembski | L38: Pernot | P38: Borkovic | Q38: 36322
B39: =DATEDIF(VLOOKUP(B38,$P$18:$Q$100,2,FALSE),TODAY(),"Y") -> 22 | C39: =DATEDIF(VLOOKUP(C38,$P$18:$Q$100,2,FALSE),TODAY(),"Y") -> 19 | D39: =DATEDIF(VLOOKUP(D38,$P$18:$Q$100,2,FALSE),TODAY(),"Y") -> 23 | E39: =DATEDIF(VLOOKUP(E38,$P$18:$Q$100,2,FALSE),TODAY(),"Y") -> 19 | F39: =DATEDIF(VLOOKUP(F38,$P$18:$Q$100,2,FALSE),TODAY(),"Y") -> 20 | G39: =DATEDIF(VLOOKUP(G38,$P$18:$Q$100,2,FALSE),TODAY(),"Y") -> 21 | H39: =DATEDIF(VLOOKUP(H38,$P$18:$Q$100,2,FALSE),TODAY(),"Y") -> 18 | I39: =DATEDIF(VLOOKUP(I38,$P$18:$Q$100,2,FALSE),TODAY(),"Y") -> 20 | ... L39: =DATEDIF(VLOOKUP(L38,$P$18:$Q$100,2,FALSE),TODAY(),"Y") -> 26 | N39: =AVERAGE(B39:M39) -> 21.272727 | P39: Pirker | Q39: 38783
P40: Jastrzembski | Q40: 36576
A41: Austria S. | B41: Khudyakov | C41: Bakhty | D41: Haider | E41: Gurmann | F41: Koita | G41: Löcker | H41: Stosic | I41: Lazarre | J41: Mustafic | K41: Jastrzembski | L41: Pernot | P41: Sumbu | Q41: 39206
B42: =DATEDIF(VLOOKUP(B41,$P$18:$Q$100,2,FALSE),TODAY(),"Y") -> 22 | C42: =DATEDIF(VLOOKUP(C41,$P$18:$Q$100,2,FALSE),TODAY(),"Y") -> 19 | D42: =DATEDIF(VLOOKUP(D41,$P$18:$Q$100,2,FALSE),TODAY(),"Y") -> 23 | E42: =DATEDIF(VLOOKUP(E41,$P$18:$Q$100,2,FALSE),TODAY(),"Y") -> 19 | F42: =DATEDIF(VLOOKUP(F41,$P$18:$Q$100,2,FALSE),TODAY(),"Y") -> 20 | G42: =DATEDIF(VLOOKUP(G41,$P$18:$Q$100,2,FALSE),TODAY(),"Y") -> 21 | H42: =DATEDIF(VLOOKUP(H41,$P$18:$Q$100,2,FALSE),TODAY(),"Y") -> 26 | I42: =DATEDIF(VLOOKUP(I41,$P$18:$Q$100,2,FALSE),TODAY(),"Y") -> 18 | ... L42: =DATEDIF(VLOOKUP(L41,$P$18:$Q$100,2,FALSE),TODAY(),"Y") -> 26 | N42: =AVERAGE(B42:M42) -> 21.818182 | P42: Khudyakov | Q42: 37995
P43: Stosic | Q43: 36554
A44: Wels | B44: Khudyakov | C44: Bakhty | D44: Haider | E44: Gurmann | F44: Koita | G44: Wolf | H44: Beganovic | I44: Lazarre | J44: Mustafic | K44: Beck | L44: Pernot | P44: Beganovic | Q44: 38239
B45: =DATEDIF(VLOOKUP(B44,$P$18:$Q$100,2,FALSE),TODAY(),"Y") -> 22 | C45: =DATEDIF(VLOOKUP(C44,$P$18:$Q$100,2,FALSE),TODAY(),"Y") -> 19 | D45: =DATEDIF(VLOOKUP(D44,$P$18:$Q$100,2,FALSE),TODAY(),"Y") -> 23 | E45: =DATEDIF(VLOOKUP(E44,$P$18:$Q$100,2,FALSE),TODAY(),"Y") -> 19 | F45: =DATEDIF(VLOOKUP(F44,$P$18:$Q$100,2,FALSE),TODAY(),"Y") -> 20 | G45: =DATEDIF(VLOOKUP(G44,$P$18:$Q$100,2,FALSE),TODAY(),"Y") -> 19 | H45: =DATEDIF(VLOOKUP(H44,$P$18:$Q$100,2,FALSE),TODAY(),"Y") -> 21 | I45: =DATEDIF(VLOOKUP(I44,$P$18:$Q$100,2,FALSE),TODAY(),"Y") -> 18 | ... L45: =DATEDIF(VLOOKUP(L44,$P$18:$Q$100,2,FALSE),TODAY(),"Y") -> 26 | N45: =AVERAGE(B45:M45) -> 20.727273 | P45: Donat | Q45: 39164
P46: Maierhofer | Q46: 39069
A47: Rapid | B47: Khudyakov | C47: Bakhty | D47: Haider | E47: Gurmann | F47: Koita | G47: Jastrzembski | H47: Bendra | I47: Lazarre | J47: Mustafic | K47: Sumbu | L47: Pernot | P47: Wilson | Q47: 38722
B48: =DATEDIF(VLOOKUP(B47,$P$18:$Q$100,2,FALSE),TODAY(),"Y") -> 22 | C48: =DATEDIF(VLOOKUP(C47,$P$18:$Q$100,2,FALSE),TODAY(),"Y") -> 19 | D48: =DATEDIF(VLOOKUP(D47,$P$18:$Q$100,2,FALSE),TODAY(),"Y") -> 23 | E48: =DATEDIF(VLOOKUP(E47,$P$18:$Q$100,2,FALSE),TODAY(),"Y") -> 19 | F48: =DATEDIF(VLOOKUP(F47,$P$18:$Q$100,2,FALSE),TODAY(),"Y") -> 20 | G48: =DATEDIF(VLOOKUP(G47,$P$18:$Q$100,2,FALSE),TODAY(),"Y") -> 26 | H48: =DATEDIF(VLOOKUP(H47,$P$18:$Q$100,2,FALSE),TODAY(),"Y") -> 20 | I48: =DATEDIF(VLOOKUP(I47,$P$18:$Q$100,2,FALSE),TODAY(),"Y") -> 18 | ... L48: =DATEDIF(VLOOKUP(L47,$P$18:$Q$100,2,FALSE),TODAY(),"Y") -> 26 | N48: =AVERAGE(B48:M48) -> 21.090909 | P48: Peinhart | Q48: 39860
P49: Grgic | Q49: 38739
A50: Amstetten | B50: Khudyakov | C50: Bakhty | D50: Wolf | E50: Gurmann | F50: Koita | G50: Jastrzembski | H50: Pirker | I50: Lazarre | J50: Mustafic | K50: Sumbu | L50: Pernot | P50: Nsumbu | Q50: 39206
B51: =DATEDIF(VLOOKUP(B50,$P$18:$Q$100,2,FALSE),TODAY(),"Y") -> 22 | C51: =DATEDIF(VLOOKUP(C50,$P$18:$Q$100,2,FALSE),TODAY(),"Y") -> 19 | D51: =DATEDIF(VLOOKUP(D50,$P$18:$Q$100,2,FALSE),TODAY(),"Y") -> 19 | E51: =DATEDIF(VLOOKUP(E50,$P$18:$Q$100,2,FALSE),TODAY(),"Y") -> 19 | F51: =DATEDIF(VLOOKUP(F50,$P$18:$Q$100,2,FALSE),TODAY(),"Y") -> 20 | G51: =DATEDIF(VLOOKUP(G50,$P$18:$Q$100,2,FALSE),TODAY(),"Y") -> 26 | H51: =DATEDIF(VLOOKUP(H50,$P$18:$Q$100,2,FALSE),TODAY(),"Y") -> 20 | I51: =DATEDIF(VLOOKUP(I50,$P$18:$Q$100,2,FALSE),TODAY(),"Y") -> 18 | ... L51: =DATEDIF(VLOOKUP(L50,$P$18:$Q$100,2,FALSE),TODAY(),"Y") -> 26 | N51: =AVERAGE(B51:M51) -> 20.727273 | P51: Petritsch | Q51: 39363
A53: Kapfenberg | B53: Donat | C53: Bakhty | D53: Haider | E53: Gurmann | F53: Koita | G53: Jastrzembski | H53: Bendra | I53: Lazarre | J53: Mustafic | K53: Sumbu | L53: Pernot
B54: =DATEDIF(VLOOKUP(B53,$P$18:$Q$100,2,FALSE),TODAY(),"Y") -> 19 | C54: =DATEDIF(VLOOKUP(C53,$P$18:$Q$100,2,FALSE),TODAY(),"Y") -> 19 | D54: =DATEDIF(VLOOKUP(D53,$P$18:$Q$100,2,FALSE),TODAY(),"Y") -> 23 | E54: =DATEDIF(VLOOKUP(E53,$P$18:$Q$100,2,FALSE),TODAY(),"Y") -> 19 | F54: =DATEDIF(VLOOKUP(F53,$P$18:$Q$100,2,FALSE),TODAY(),"Y") -> 20 | G54: =DATEDIF(VLOOKUP(G53,$P$18:$Q$100,2,FALSE),TODAY(),"Y") -> 26 | H54: =DATEDIF(VLOOKUP(H53,$P$18:$Q$100,2,FALSE),TODAY(),"Y") -> 20 | I54: =DATEDIF(VLOOKUP(I53,$P$18:$Q$100,2,FALSE),TODAY(),"Y") -> 18 | ... L54: =DATEDIF(VLOOKUP(L53,$P$18:$Q$100,2,FALSE),TODAY(),"Y") -> 26 | N54: =AVERAGE(B54:M54) -> 20.818182
A56: FAC | B56: Donat | C56: Maierhofer | D56: Haider | E56: Gurmann | F56: Scharmer | G56: Jastrzembski | H56: Bendra | I56: Lazarre | J56: Mustafic | K56: Sumbu | L56: Pernot
B57: =DATEDIF(VLOOKUP(B56,$P$18:$Q$100,2,FALSE),TODAY(),"Y") -> 19 | C57: =DATEDIF(VLOOKUP(C56,$P$18:$Q$100,2,FALSE),TODAY(),"Y") -> 19 | D57: =DATEDIF(VLOOKUP(D56,$P$18:$Q$100,2,FALSE),TODAY(),"Y") -> 23 | E57: =DATEDIF(VLOOKUP(E56,$P$18:$Q$100,2,FALSE),TODAY(),"Y") -> 19 | F57: =DATEDIF(VLOOKUP(F56,$P$18:$Q$100,2,FALSE),TODAY(),"Y") -> 22 | G57: =DATEDIF(VLOOKUP(G56,$P$18:$Q$100,2,FALSE),TODAY(),"Y") -> 26 | H57: =DATEDIF(VLOOKUP(H56,$P$18:$Q$100,2,FALSE),TODAY(),"Y") -> 20 | I57: =DATEDIF(VLOOKUP(I56,$P$18:$Q$100,2,FALSE),TODAY(),"Y") -> 18 | ... L57: =DATEDIF(VLOOKUP(L56,$P$18:$Q$100,2,FALSE),TODAY(),"Y") -> 26 | N57: =AVERAGE(B57:M57) -> 21
A59: Liefering | B59: Donat | C59: Bakhty | D59: Haider | E59: Gurmann | F59: Wolf | G59: Jastrzembski | H59: Bendra | I59: Lazarre | J59: Mustafic | K59: Wilson | L59: Pernot
B60: =DATEDIF(VLOOKUP(B59,$P$18:$Q$100,2,FALSE),TODAY(),"Y") -> 19 | C60: =DATEDIF(VLOOKUP(C59,$P$18:$Q$100,2,FALSE),TODAY(),"Y") -> 19 | D60: =DATEDIF(VLOOKUP(D59,$P$18:$Q$100,2,FALSE),TODAY(),"Y") -> 23 | E60: =DATEDIF(VLOOKUP(E59,$P$18:$Q$100,2,FALSE),TODAY(),"Y") -> 19 | F60: =DATEDIF(VLOOKUP(F59,$P$18:$Q$100,2,FALSE),TODAY(),"Y") -> 19 | G60: =DATEDIF(VLOOKUP(G59,$P$18:$Q$100,2,FALSE),TODAY(),"Y") -> 26 | H60: =DATEDIF(VLOOKUP(H59,$P$18:$Q$100,2,FALSE),TODAY(),"Y") -> 20 | I60: =DATEDIF(VLOOKUP(I59,$P$18:$Q$100,2,FALSE),TODAY(),"Y") -> 18 | ... L60: =DATEDIF(VLOOKUP(L59,$P$18:$Q$100,2,FALSE),TODAY(),"Y") -> 26 | N60: =AVERAGE(B60:M60) -> 20.818182
A62: Lustenau | B62: Donat | C62: Maierhofer | D62: Haider | E62: Gurmann | F62: Scharmer | G62: Jastrzembski | H62: Bendra | I62: Lazarre | J62: Mustafic | K62: Sumbu | L62: Pernot
B63: =DATEDIF(VLOOKUP(B62,$P$18:$Q$100,2,FALSE),TODAY(),"Y") -> 19 | C63: =DATEDIF(VLOOKUP(C62,$P$18:$Q$100,2,FALSE),TODAY(),"Y") -> 19 | D63: =DATEDIF(VLOOKUP(D62,$P$18:$Q$100,2,FALSE),TODAY(),"Y") -> 23 | E63: =DATEDIF(VLOOKUP(E62,$P$18:$Q$100,2,FALSE),TODAY(),"Y") -> 19 | F63: =DATEDIF(VLOOKUP(F62,$P$18:$Q$100,2,FALSE),TODAY(),"Y") -> 22 | G63: =DATEDIF(VLOOKUP(G62,$P$18:$Q$100,2,FALSE),TODAY(),"Y") -> 26 | H63: =DATEDIF(VLOOKUP(H62,$P$18:$Q$100,2,FALSE),TODAY(),"Y") -> 20 | I63: =DATEDIF(VLOOKUP(I62,$P$18:$Q$100,2,FALSE),TODAY(),"Y") -> 18 | ... L63: =DATEDIF(VLOOKUP(L62,$P$18:$Q$100,2,FALSE),TODAY(),"Y") -> 26 | N63: =AVERAGE(B63:M63) -> 21
A65: Young Violets | B65: Lorenz | C65: Maierhofer | D65: Haider | E65: Gurmann | F65: Scharmer | G65: Jastrzembski | H65: Bendra | I65: Lazarre | J65: Mustafic | K65: Peinhart | L65: Pernot
B66: =DATEDIF(VLOOKUP(B65,$P$18:$Q$100,2,FALSE),TODAY(),"Y") -> 20 | C66: =DATEDIF(VLOOKUP(C65,$P$18:$Q$100,2,FALSE),TODAY(),"Y") -> 19 | D66: =DATEDIF(VLOOKUP(D65,$P$18:$Q$100,2,FALSE),TODAY(),"Y") -> 23 | E66: =DATEDIF(VLOOKUP(E65,$P$18:$Q$100,2,FALSE),TODAY(),"Y") -> 19 | F66: =DATEDIF(VLOOKUP(F65,$P$18:$Q$100,2,FALSE),TODAY(),"Y") -> 22 | G66: =DATEDIF(VLOOKUP(G65,$P$18:$Q$100,2,FALSE),TODAY(),"Y") -> 26 | H66: =DATEDIF(VLOOKUP(H65,$P$18:$Q$100,2,FALSE),TODAY(),"Y") -> 20 | I66: =DATEDIF(VLOOKUP(I65,$P$18:$Q$100,2,FALSE),TODAY(),"Y") -> 18 | ... L66: =DATEDIF(VLOOKUP(L65,$P$18:$Q$100,2,FALSE),TODAY(),"Y") -> 26 | N66: =AVERAGE(B66:M66) -> 20.909091
A68: St. Pölten | B68: Lorenz | C68: Maierhofer | D68: Haider | E68: Gurmann | F68: Scharmer | G68: Jastrzembski | H68: Bendra | I68: Afrifa | J68: Mustafic | K68: Sumbu | L68: Pernot
B69: =DATEDIF(VLOOKUP(B68,$P$18:$Q$100,2,FALSE),TODAY(),"Y") -> 20 | C69: =DATEDIF(VLOOKUP(C68,$P$18:$Q$100,2,FALSE),TODAY(),"Y") -> 19 | D69: =DATEDIF(VLOOKUP(D68,$P$18:$Q$100,2,FALSE),TODAY(),"Y") -> 23 | E69: =DATEDIF(VLOOKUP(E68,$P$18:$Q$100,2,FALSE),TODAY(),"Y") -> 19 | F69: =DATEDIF(VLOOKUP(F68,$P$18:$Q$100,2,FALSE),TODAY(),"Y") -> 22 | G69: =DATEDIF(VLOOKUP(G68,$P$18:$Q$100,2,FALSE),TODAY(),"Y") -> 26 | H69: =DATEDIF(VLOOKUP(H68,$P$18:$Q$100,2,FALSE),TODAY(),"Y") -> 20 | I69: =DATEDIF(VLOOKUP(I68,$P$18:$Q$100,2,FALSE),TODAY(),"Y") -> 19 | ... L69: =DATEDIF(VLOOKUP(L68,$P$18:$Q$100,2,FALSE),TODAY(),"Y") -> 26 | N69: =AVERAGE(B69:M69) -> 21.181818
A71: Bregenz | B71: Lorenz | C71: Maierhofer | D71: Haider | E71: Lazarre | F71: Morgenstern | G71: Jastrzembski | H71: Peinhart | I71: Afrifa | J71: Mustafic | K71: Wolf | L71: Pernot
B72: =DATEDIF(VLOOKUP(B71,$P$18:$Q$100,2,FALSE),TODAY(),"Y") -> 20 | C72: =DATEDIF(VLOOKUP(C71,$P$18:$Q$100,2,FALSE),TODAY(),"Y") -> 19 | D72: =DATEDIF(VLOOKUP(D71,$P$18:$Q$100,2,FALSE),TODAY(),"Y") -> 23 | E72: =DATEDIF(VLOOKUP(E71,$P$18:$Q$100,2,FALSE),TODAY(),"Y") -> 18 | F72: =DATEDIF(VLOOKUP(F71,$P$18:$Q$100,2,FALSE),TODAY(),"Y") -> 17 | G72: =DATEDIF(VLOOKUP(G71,$P$18:$Q$100,2,FALSE),TODAY(),"Y") -> 26 | H72: =DATEDIF(VLOOKUP(H71,$P$18:$Q$100,2,FALSE),TODAY(),"Y") -> 17 | I72: =DATEDIF(VLOOKUP(I71,$P$18:$Q$100,2,FALSE),TODAY(),"Y") -> 19 | ... L72: =DATEDIF(VLOOKUP(L71,$P$18:$Q$100,2,FALSE),TODAY(),"Y") -> 26 | N72: =AVERAGE(B72:M72) -> 20.363636
A74: Vienna | B74: Lorenz | C74: Maierhofer | D74: Haider | E74: Lazarre | F74: Scharmer | G74: Jastrzembski | H74: Peinhart | I74: Afrifa | J74: Mustafic | K74: Wolf | L74: Pernot
B75: =DATEDIF(VLOOKUP(B74,$P$18:$Q$100,2,FALSE),TODAY(),"Y") -> 20 | C75: =DATEDIF(VLOOKUP(C74,$P$18:$Q$100,2,FALSE),TODAY(),"Y") -> 19 | D75: =DATEDIF(VLOOKUP(D74,$P$18:$Q$100,2,FALSE),TODAY(),"Y") -> 23 | E75: =DATEDIF(VLOOKUP(E74,$P$18:$Q$100,2,FALSE),TODAY(),"Y") -> 18 | F75: =DATEDIF(VLOOKUP(F74,$P$18:$Q$100,2,FALSE),TODAY(),"Y") -> 22 | G75: =DATEDIF(VLOOKUP(G74,$P$18:$Q$100,2,FALSE),TODAY(),"Y") -> 26 | H75: =DATEDIF(VLOOKUP(H74,$P$18:$Q$100,2,FALSE),TODAY(),"Y") -> 17 | I75: =DATEDIF(VLOOKUP(I74,$P$18:$Q$100,2,FALSE),TODAY(),"Y") -> 19 | ... L75: =DATEDIF(VLOOKUP(L74,$P$18:$Q$100,2,FALSE),TODAY(),"Y") -> 26 | N75: =AVERAGE(B75:M75) -> 20.818182
A77: Klagenfurt | B77: Lorenz | C77: Maierhofer | D77: Haider | E77: Gurmann | F77: Morgenstern | G77: Jastrzembski | H77: Peinhart | I77: Afrifa | J77: Mustafic | K77: Bendra | L77: Pernot
B78: =DATEDIF(VLOOKUP(B77,$P$18:$Q$100,2,FALSE),TODAY(),"Y") -> 20 | C78: =DATEDIF(VLOOKUP(C77,$P$18:$Q$100,2,FALSE),TODAY(),"Y") -> 19 | D78: =DATEDIF(VLOOKUP(D77,$P$18:$Q$100,2,FALSE),TODAY(),"Y") -> 23 | E78: =DATEDIF(VLOOKUP(E77,$P$18:$Q$100,2,FALSE),TODAY(),"Y") -> 19 | F78: =DATEDIF(VLOOKUP(F77,$P$18:$Q$100,2,FALSE),TODAY(),"Y") -> 17 | G78: =DATEDIF(VLOOKUP(G77,$P$18:$Q$100,2,FALSE),TODAY(),"Y") -> 26 | H78: =DATEDIF(VLOOKUP(H77,$P$18:$Q$100,2,FALSE),TODAY(),"Y") -> 17 | I78: =DATEDIF(VLOOKUP(I77,$P$18:$Q$100,2,FALSE),TODAY(),"Y") -> 19 | ... L78: =DATEDIF(VLOOKUP(L77,$P$18:$Q$100,2,FALSE),TODAY(),"Y") -> 26 | N78: =AVERAGE(B78:M78) -> 20.545455
A80: Admira | B80: Lorenz | C80: Pirker | D80: Lazarre | E80: Gurmann | F80: Grgic | G80: Jastrzembski | H80: Peinhart | I80: Scharmer | J80: Löcker | K80: Bendra | L80: Pernot
B81: =DATEDIF(VLOOKUP(B80,$P$18:$Q$100,2,FALSE),TODAY(),"Y") -> 20 | C81: =DATEDIF(VLOOKUP(C80,$P$18:$Q$100,2,FALSE),TODAY(),"Y") -> 20 | D81: =DATEDIF(VLOOKUP(D80,$P$18:$Q$100,2,FALSE),TODAY(),"Y") -> 18 | E81: =DATEDIF(VLOOKUP(E80,$P$18:$Q$100,2,FALSE),TODAY(),"Y") -> 19 | F81: =DATEDIF(VLOOKUP(F80,$P$18:$Q$100,2,FALSE),TODAY(),"Y") -> 20 | G81: =DATEDIF(VLOOKUP(G80,$P$18:$Q$100,2,FALSE),TODAY(),"Y") -> 26 | H81: =DATEDIF(VLOOKUP(H80,$P$18:$Q$100,2,FALSE),TODAY(),"Y") -> 17 | I81: =DATEDIF(VLOOKUP(I80,$P$18:$Q$100,2,FALSE),TODAY(),"Y") -> 22 | ... L81: =DATEDIF(VLOOKUP(L80,$P$18:$Q$100,2,FALSE),TODAY(),"Y") -> 26 | N81: =AVERAGE(B81:M81) -> 20.818182
A83: Austria | B83: Lorenz | C83: Pirker | D83: Lazarre | E83: Gurmann | F83: Maierhofer | G83: Jastrzembski | H83: Peinhart | I83: Scharmer | J83: Mustafic | K83: Bendra | L83: Pernot
B84: =DATEDIF(VLOOKUP(B83,$P$18:$Q$100,2,FALSE),TODAY(),"Y") -> 20 | C84: =DATEDIF(VLOOKUP(C83,$P$18:$Q$100,2,FALSE),TODAY(),"Y") -> 20 | D84: =DATEDIF(VLOOKUP(D83,$P$18:$Q$100,2,FALSE),TODAY(),"Y") -> 18 | E84: =DATEDIF(VLOOKUP(E83,$P$18:$Q$100,2,FALSE),TODAY(),"Y") -> 19 | F84: =DATEDIF(VLOOKUP(F83,$P$18:$Q$100,2,FALSE),TODAY(),"Y") -> 19 | G84: =DATEDIF(VLOOKUP(G83,$P$18:$Q$100,2,FALSE),TODAY(),"Y") -> 26 | H84: =DATEDIF(VLOOKUP(H83,$P$18:$Q$100,2,FALSE),TODAY(),"Y") -> 17 | I84: =DATEDIF(VLOOKUP(I83,$P$18:$Q$100,2,FALSE),TODAY(),"Y") -> 22 | ... L84: =DATEDIF(VLOOKUP(L83,$P$18:$Q$100,2,FALSE),TODAY(),"Y") -> 26 | N84: =AVERAGE(B84:M84) -> 20.636364
A86: Wels | B86: Donat | C86: Lazarre | D86: Gurmann | E86: Peinhart | F86: Nsumbu | G86: Maierhofer | H86: Petritsch | I86: Pernot | J86: Scharmer | K86: Mustafic | L86: Bendra
B87: =DATEDIF(VLOOKUP(B86,$P$18:$Q$100,2,FALSE),TODAY(),"Y") -> 19 | C87: =DATEDIF(VLOOKUP(C86,$P$18:$Q$100,2,FALSE),TODAY(),"Y") -> 18 | D87: =DATEDIF(VLOOKUP(D86,$P$18:$Q$100,2,FALSE),TODAY(),"Y") -> 19 | E87: =DATEDIF(VLOOKUP(E86,$P$18:$Q$100,2,FALSE),TODAY(),"Y") -> 17 | F87: =DATEDIF(VLOOKUP(F86,$P$18:$Q$100,2,FALSE),TODAY(),"Y") -> 19 | G87: =DATEDIF(VLOOKUP(G86,$P$18:$Q$100,2,FALSE),TODAY(),"Y") -> 19 | H87: =DATEDIF(VLOOKUP(H86,$P$18:$Q$100,2,FALSE),TODAY(),"Y") -> 18 | I87: =DATEDIF(VLOOKUP(I86,$P$18:$Q$100,2,FALSE),TODAY(),"Y") -> 26 | ... L87: =DATEDIF(VLOOKUP(L86,$P$18:$Q$100,2,FALSE),TODAY(),"Y") -> 20 | N87: =AVERAGE(B87:M87) -> 19.727273
A89: Rapid | B89: Donat | C89: Lazarre | D89: Gurmann | E89: Peinhart | F89: Nsumbu | G89: Maierhofer | H89: Grgic | I89: Pernot | J89: Scharmer | K89: Mustafic | L89: Haider
B90: =DATEDIF(VLOOKUP(B89,$P$18:$Q$100,2,FALSE),TODAY(),"Y") -> 19 | C90: =DATEDIF(VLOOKUP(C89,$P$18:$Q$100,2,FALSE),TODAY(),"Y") -> 18 | D90: =DATEDIF(VLOOKUP(D89,$P$18:$Q$100,2,FALSE),TODAY(),"Y") -> 19 | E90: =DATEDIF(VLOOKUP(E89,$P$18:$Q$100,2,FALSE),TODAY(),"Y") -> 17 | F90: =DATEDIF(VLOOKUP(F89,$P$18:$Q$100,2,FALSE),TODAY(),"Y") -> 19 | G90: =DATEDIF(VLOOKUP(G89,$P$18:$Q$100,2,FALSE),TODAY(),"Y") -> 19 | H90: =DATEDIF(VLOOKUP(H89,$P$18:$Q$100,2,FALSE),TODAY(),"Y") -> 20 | I90: =DATEDIF(VLOOKUP(I89,$P$18:$Q$100,2,FALSE),TODAY(),"Y") -> 26 | ... L90: =DATEDIF(VLOOKUP(L89,$P$18:$Q$100,2,FALSE),TODAY(),"Y") -> 23 | N90: =AVERAGE(B90:M90) -> 20.181818
